Name,Class
MackayIM,S
hayesluk,S
HelenBranswell,N
arambaut,S
Laurie_Garrett,S
CentroGripe,N
V2019N,N
microBIOblog,S
DerekGatherer,S
greg_folkers,S
Crof,O
descoladoen,O
davidpaulk,N
JATetro,O
statesdj,S
ai6yrham,N
NoticiasONU,N
doctormacias,S
DrTedros,N
lookner,N
RobRoy_CN,N
IndoPac_info,N
iarayah,N
BNODesk,N
drrandywax,S
WHO,N
ZulmaCucunuba,S
CDCgov,N
howroute,N
CBCAlerts,N
davidpaulk,N
NPR,N
BNONews,N
CNN,N
AFP,N
V2019N,N
HelenBranswell,N
WHOWPRO,N
jenniferatntd,N
hayesluk,S
MackayIM,S
cnnbrk,N
XavierAbadMdG,S
lookner,N
RFA_Chinese,N
Conflicts_FR,N
nytimes,N
WBYeats1865,O
BrownCheong,O
Laurie_Garrett,S