,0
0,msantos824
1,jenvrgs
2,hungrrypanda
3,alessaJBiebs1
4,Julkee
5,rgilliescanada
6,TayyWRLD
7,alithearabian
8,wicked_soull
9,SimbulanO
10,MGoldenpine
11,127PCY_
12,xChaf__
13,michael_leaton
14,boss2thugz
15,Anusien
16,GsealsIII
17,StevenFondy
18,shun_0517
19,SmithRaps
20,cam_celo
21,goatadamsokc
22,christyjlai
23,Keana_Daliasen
24,noticiasdelmun4
25,TubiGarlito
26,ttheusma
27,serenasevyn
28,SIime4Kt
29,SavannahBayBVI
30,SAGOSE68
31,Jaytweetsa
32,StoviakJessica
33,ryanleon96
34,princeoffspace
35,FlorTorrese
36,Nxndxp
37,Versace_waves
38,newspages
39,_unknown_jade
40,VEMVintage
41,ghostbycudi
42,thatjuanguy66
43,sefmorales
44,Wiollcia
45,GeoffyRozay
46,SageGODLord
47,lexmvnique
48,KGdaProducer
49,Trademark_Show
50,_Christian1299_
51,iamqueentacia
52,PRTheGreat1
53,RobPauIsen
54,the_Fuckery_Tho
55,Richard01549607
56,Imm_Starvin
57,blackNOTmixed
58,sudzero6bc
59,motovon1
60,valyeeze_
61,hosthetics
62,_JasonHuber
63,TyJohnsonNews
64,sorcieremoon
65,Chavesss__
66,LilYumper
67,madieball1
68,Showtime0012
69,suavederick
70,Matt_S_Duncan
71,xGodChurch
72,UglyGuyBrandon
73,Julie_Kav
74,DanCorey1011
75,Reggie317_
76,IU_CoachBallou
77,BukkyOjeifo
78,Imanijp
79,stoney__says
80,ramor1999
81,shessochic_
82,Kikao02
83,Schulz67Donna
84,prettyboidavi
85,pedrofejao
86,AcklinSr
87,1988SheeP
88,nov_xviii
89,_rozayy_flyguy
90,Lil_MarcD
91,theloveofZion
92,CraigCoshun
93,itss_aaron_bruh
94,SayWhatO__o
95,tamagofi
96,_1996akira
97,airfernz73
98,naomicowan
99,PUGxGutta
100,_ibisehovic
101,JLaw2543
102,beardntattooos
103,Mister__27
104,JuiceboxCA
105,jimcollins
106,dioppai
107,CeeJayT07381069
108,Joker61791730
109,_Prospekt_
110,MONTcler_
111,vidadelphia
112,BrianDa91177827
113,NombreEsAva
114,MuayBoranAta
115,awfulannouncing
116,olivia___jacobs
117,Isaque_ijs
118,MissTecii3
119,SuperStarcomedy
120,GregRentschler
121,MDB2finity
122,HardenTraveled
123,Fothlisberger
124,ooohniece
125,Greggor12171715
126,_jakeUP
127,Oluwa_kobe
128,BrianTravis_
129,jarni_24
130,sshelbiking
131,smeefjesus
132,alliison1011
133,KeyesTwoTheCity
134,Salvo2410libero
135,lealunam
136,ttaor
137,Guapo_Alonzo
138,saugust24
139,BrandiYams
140,peter_m5
141,philip__kobe
142,JayClarkElliott
143,CameronJredd
144,Illuminate0615
145,lucinda_baylis
146,ruthbelgira
147,Lanielaguerta1
148,MiiRaj_
149,niko_mclaneee
150,dsoftleigh69
151,BronAndMamba
152,sikamikanicoo
153,coopmavs
154,Zhoninz
155,Nader723
156,antonio5ramirez
157,TheRenderNBA2
158,FunFavst
159,iso_chubbz
160,erinys___
161,valeortiz1222
162,pbluett24
163,RyanGrant98
164,RE_Bachatu
165,venusin12th
166,tnnrr
167,duh_dun_DUNN
168,rawcinematic
169,AdouBD
170,PUGGS_
171,Aaron_LaFarge
172,eZTeeus
173,csndradniellem
174,pcolabayou
175,MiaRGMusic1
176,ripcity_rider
177,KbeTrill
178,dboy57706590
179,MitchWigness
180,MMarhloul
181,Dizzedcom
182,maiconagjna
183,_angelab18
184,SGWarrior10
185,glockboymari
186,ChrisGives2Fux
187,ezaire_
188,westanteagifs
189,ZombieGang_
190,UFgators948
191,SuzieQ3dognite
192,2lysses
193,brennan_mudd
194,bestoffer4y
195,RosenaraM
196,Jonatha45875642
197,AlfyBurbank
198,HoneyyIceT
199,AnthonyNoDavis
200,BigKempin67
201,alissonbastoss
202,your__grace
203,exoticnot4rn
204,angrysportsguys
205,iina_kobe
206,LolaM08969485
207,AfterTheJumpNBA
208,jruthkelly
209,USRealityCheck
210,NotokiMotionPic
211,przidnt
212,kangiyatapi
213,LimitlessJas
214,Shanna83569622
215,whatsbracken_
216,TotallyNotWed
217,JKopnick
218,beana626
219,cmonig
220,Moongazeru
221,KingChriso
222,andrewmagana59
223,Sativa_C
224,henalvesc
225,jbaccili
226,TheReal_KDubb
227,enteratd
228,Inferno_Rich
229,Freezum__
230,TwinsJake
231,iveygirl08
232,Pamri22
233,SadGoated
234,CharlotteFan4e1
235,liricoxhs
236,Tip_TheGeneral
237,MangaFox
238,JacobPadilla_
239,Rashaun_Don
240,Militia_Miike
241,globalnews
242,Michhmichhh
243,Rubeensm88
244,ConteGisela
245,CaptOnYaLeft
246,wfnz
247,twerkitonjr
248,Riah_da_one
249,JoshVigil
250,fenix7154
251,Freidheim
252,AddictedtoWater
253,dodgerjazzcougs
254,enricomunista
255,sunflowzayn
256,foreignchrissyy
257,todomotorsv
258,onebuc3
259,Aaronb57
260,StuartVieth
261,LBrothersMedia
262,rturner456
263,leveon38
264,Giijaque
265,JcindyinA
266,AlexGoo77837404
267,Lydiapanda3
268,MrAutumnMan1
269,AhenryXii
270,_danguilherme
271,Fan_Prspective
272,gabefuru
273,runbaja20
274,KTULNews
275,eaglesbetter
276,_Lo3_
277,VMiloscio
278,PragmaSan
279,_LexJanayy
280,DavidWCole1
281,constancio_fe
282,StrongGarcia
283,bemorelovely
284,OneRedMike
285,MedicenGeronimo
286,24KobeGoat24
287,LadyL0S
288,RealShanick
289,bryanlpda02
290,younglordsavage
291,MattReynKLKN
292,RollingStoned_R
293,AnggaWilatikta
294,periodicovzlano
295,_joee4
296,jose_nucci
297,demonjayyy
298,SekaiAC
299,AhmedRocketz
300,nba_poop_hat
301,BigFuego824
302,BluRooster63
303,Jajuan_Dream
304,matheussamba
305,Cruz_Buchanan_
306,1RealBadMan
307,Mserna_13
308,AriadnaOlvera1
309,RIP8x24
310,Sosa2x_
311,34Ferrum
312,KinoZephyrus
313,poyeraaron
314,DaBullsQueen
315,EjRivers_803
316,kingjames365
317,Liz12269
318,ShootTheJ__
319,ClownForClowney
320,luciodelloni
321,937JakeSorensen
322,TaeeTaee26
323,JDIYFR
324,ChynaFB
325,TheeBenjee
326,tunota_com
327,makoto_2k19
328,yimiyomp
329,lucaasemanoel
330,jaimearosemena
331,daviddiasB7
332,UnkleQ
333,BrickbyBrick49
334,tylerhuffman24
335,Chi_NateDizzle
336,H_Grove
337,rockmarne
338,glm42
339,Weezus410
340,BedroomBully_69
341,Backwood_Ace
342,SLAAAAAAATTTTTT
343,bpgriffith
344,Rudimentarry
345,JahJusDGAF
346,donaldcruz1854
347,bwdaly
348,cinaisebekke
349,edilbeerto
350,One_Before_2
351,Powerless_ness
352,thomas4293
353,SPMJM
354,javier24071990
355,adje__
356,pxseiiidon
357,WhoDeannyPod
358,BlakefromBAGS
359,FareedBlackman
360,JetherBlaise
361,legendarytwo3
362,BakerMa70887039
363,JboogAllen4
364,ADblurrr
365,mix_alias
366,yoggi_majestic
367,SincereAsshole2
368,obe95
369,back2backpod
370,Anamaturana22
371,joshboyle_ice
372,Shakeemah_
373,BarstoolGE
374,SharonShyBrown
375,CBOinKOBE
376,HollyFiedlerh
377,kidandfro
378,OmegaRG
379,Cali818D
380,Anthony38271294
381,phawkenalbert
382,kylalovell13
383,Tarver70384890
384,harrylovicAG
385,extratv
386,starwarsdailyIG
387,Ethan82339562
388,MarcyWWarcy
389,shade_jackson
390,Tucu04808841
391,ayefatai
392,HSultanmamedov
393,919theCat
394,Bautibadaracco
395,Eblueangel78
396,HeyLookGeorge
397,_TheoHuxtable
398,andrewsheehy228
399,burst_gg
400,CommodoreLaz
401,WashTana
402,SbonSH6
403,HEZONJA_is_GOAT
404,TheRealK_real
405,ChaseBachman
406,sam49649145
407,nikkifirewall
408,Hugolafaurie4
409,MoreThanWerds
410,WopoTimmy
411,1041TheBeat
412,Assiltaha2
413,rosenmanny
414,VilYampier
415,orlandoroebuck
416,shav_views
417,yaz_frankie
418,futurecoug
419,Caga_tuits_
420,jadineblack
421,JULISSAOCEGUEDA
422,ColeWaclawski_
423,_heymyles
424,lilzo2
425,KerriKisses1234
426,P_MATIC
427,johnathonramoss
428,Kristin52642961
429,dilgenova
430,JuiceMan_44
431,Stogger2001
432,bribrisline
433,BulletClubIta
434,merveddc1
435,melaninmultifan
436,mousey36
437,procesoentv
438,YouMustFiness2
439,BruceNorrisSr
440,Bulvxxpix
441,CRFeio
442,irenesubra
443,oopsiiedaisies
444,itsjdrew_
445,KayxGee
446,Kid_named_Bari
447,PrettyEyedN1gga
448,kbVibes_
449,MoniqueHaddad
450,Luck12ThatsMyQB
451,Wuilburr
452,sanravetti
453,BSO
454,harrisondsmith
455,NBANatiion
456,caxiteira
457,alexis_41715
458,TDAWilcox_3
459,nba_sincera
460,CarltonEJackson
461,bIackcindy
462,MuttleyTweets
463,CaraotaDigital
464,jaliyah_lopez
465,angelKat31
466,VBSK_Fitz
467,zack_bellini
468,XionTheGoat
469,ulovecesar
470,cannabaeceae
471,leonard_josiah
472,Bitolini
473,CharDeeMacDen12
474,MatsOls91809275
475,cachicha
476,gmanews_sports
477,_AyeVee
478,leggacyyy
479,yahoocountry
480,lil_xulio
481,SherryC38538087
482,feltonisgoat
483,John_Jay_Wilson
484,Rabbizzy
485,edm_hermann
486,FriskyDingoYT
487,KAkinmboni
488,Jazzyfayee14
489,PhilMamouf
490,MAMBAnDIESEL
491,mrdrysdale23
492,iKalebHenry
493,Krazefly
494,DandiaAsad
495,msjbe20a
496,D1ant2
497,Lakers_sweet16
498,lebrownjames23
499,Kordinika
500,Trevtheowner_
501,EliteLakeShow
502,pvssy_preacher
503,amplizardo
504,MVP_Francis
505,felpitcho
506,noirwest
507,Bishop_PastorRW
508,HeyChrisisis
509,dailydunkfr
510,Lucasx_thiago
511,Sitespascapabl1
512,_km0nEy_
513,truthnotfm
514,OvoQuan3
515,BigDutes
516,legalizecrackk
517,ATelevisao
518,mimmi_jansson
519,gocardsgo2000
520,BigSlayer9001
521,joestancer
522,mspeppr
523,JayeSantos6
524,DiggsStan_
525,404kendall
526,FrogmoreR
527,BugleBoyDenim
528,TrustGod7733
529,Chops_Top_Fives
530,ayyoubspr
531,IceyDLO
532,martinsalasok
533,HeroSenyu
534,IgnorantEnlight
535,Flawed_Ambition
536,crwally_512
537,ZayTBH
538,DylanBechler
539,732_itachi
540,JasonCh18557930
541,JArnholz
542,NaturallyDew
543,OhonsiIvory
544,Floridaboyglee
545,scottSirois10
546,devilspeakss
547,snappytbar
548,DrHillTV
549,iamsotomayorele
550,IllMind_ofCwill
551,Jerv215
552,brunobonsanti
553,JAG300Z
554,SWaPa69
555,PrinciMartins
556,MasTheGoat
557,swalkerdj
558,imbtyler
559,AjGlxxzy
560,tammiefields
561,StupidSxyCorbin
562,kurt_bennett
563,Cyntrxll
564,marly_mar_
565,kobe_keizai_sec
566,Version2GodSpd
567,i_am_mikew
568,carrmencostoya
569,KeeleyFox29
570,SH_zigg
571,SatoKobe_Gaia
572,miki_cchi
573,nurdanerdemm
574,J_FVRO
575,meredithvegeta1
576,igreetwithfire
577,LeoCleo14
578,The_ASAP_Dave
579,JoyceHutchens3
580,weedridge
581,juscallmekitty
582,zoloftshorty
583,kirk_kobe
584,RICHTVLIVE
585,luwisandwey
586,bahwaichakal
587,lizzoistoofat
588,c2csounds
589,consuniteddaily
590,Cuffyofee
591,superjanss
592,eudisgreta
593,fastlaneyp
594,LegallyBlack96
595,kawaiiibbyy_
596,cheydxn
597,Ritteesri
598,Gooddude78
599,DaviVieiraCoel1
600,ffa960
601,BROD35
602,TheRealChetDay
603,dariusjohnson_
604,MichaelCoyne
605,TheKevinTheory
606,UsernameOTB
607,Chrislaflare
608,kobeNgigi
609,Dongo_19
610,RealTalkforYah
611,onlighted
612,KevDreamy
613,RMNews2019
614,delicatevelez
615,RunDownGoon
616,KCRG
617,Debbiehunter00
618,SerMusicRecords
619,EP_Mundo
620,FinsTwinsLakers
621,la_patilla
622,CrweWorld
623,JohnHillbery
624,gulf_news
625,liarojasd
626,NildoPutaria7
627,___QueenMC
628,Kobe5XChamp
629,AidenCortinas
630,georgepaganza
631,Stubbs_SBN
632,fearthekier
633,M0R6AN_
634,sharkgsa
635,dw504966
636,archivehundreds
637,TheloniousRager
638,Cindtrillella
639,BAMTHAMANN_
640,DaveMuscarella
641,Cyanthecolor
642,illumanaughty_
643,KaanYenibertiz
644,Hermosalalola
645,IamReeficito
646,HemHemNine
647,TiKrasWa96
648,buenoentonces1
649,DIsVerySilent
650,GABlueBean
651,breeashhh
652,hukuk_insani
653,zaku_kazu
654,ardadir
655,BoyA_SBG
656,austin_nesmith
657,connpost
658,Hoosier72364934
659,k_syntyche
660,Mackillion_ndOn
661,Alexx_Shmalex
662,kingpav_gill
663,iTWEET_FromMarz
664,IMAndrey
665,KevinMcCSports
666,Luchii27166683
667,Black_Mansion_
668,mandingoman_96
669,K_Turner02
670,Pb4life8
671,GraveShift_
672,kobe_t2
673,kingcordoza
674,jmlhlois
675,Get_Money_Corp
676,legsluquis
677,Lmdileo
678,NortonDee2
679,denigco
680,saulislit
681,BlondieAngry
682,niallator54
683,TeAmoTy
684,96TiI_infinity_
685,mallenito
686,J_Ghio
687,BadGirlTangie
688,BananySammy
689,alktheboss
690,elmanteconchas
691,thatguyjay16
692,JayeDough
693,JulbeDaniel
694,slimdustie
695,cody_1804
696,KrystleRich
697,DorinLukian
698,ElBebeBastard0
699,paruru_magic
700,adriana_iss
701,Justlanduyt
702,MelissaJLadner
703,Ninfandran
704,KuroiAkuma7
705,tweetsbykeezy
706,RyanWardLA
707,NicketaNicola
708,Lucaixxx10
709,lovecherrimagic
710,SteveClarkeMLB
711,AGuyNamedMacks
712,yung_ant22
713,Brunoamaro04
714,ryan_itsyaboi
715,Chantz_Ramos
716,PettyWakandan
717,JeffKerrCBS
718,HeruDaJedi
719,LulaWilsonr
720,Sizarnaki
721,DanDpvone
722,dwburnsjr
723,JSG0312
724,Boomer5650
725,RamiroGSanchez
726,AltitudeTV
727,henriquevmac
728,an0bject
729,PonchoTheartist
730,graceelong16
731,Thoutmoosis
732,AlexDAmato3
733,VEGXNDOLS
734,Tricey_J_
735,MainTeamSports
736,McTone_
737,jos3bryan
738,realNoahAnthony
739,Kerby_Lamar
740,Lindsay_Luck
741,littlegaylord
742,Brought_to_You
743,xMaarybluex
744,hafid20hamid
745,Haz2Real
746,LowkeyZech
747,kobeaudreyy
748,NoRacks
749,Toughscenehere_
750,NancyBelton7
751,teapartytempest
752,mad_mike_18
753,nel_1230
754,eugheniaab
755,IPlayThresh
756,jhuff910
757,seabaassss
758,_PrincessRuby
759,JoeyScarantino
760,macinnes_brevin
761,saharrr5_
762,mezaadrian6
763,notactuallyfat
764,MarketWatch
765,EddieETerry
766,rhonda_rosen
767,Leitx_
768,TerranJsDad
769,Kfish83
770,KSybaritic
771,thunderszn08
772,yvngxlioness
773,NaimaMo02139110
774,_coachty
775,freshhddouggie
776,RetailVet
777,tammy246810
778,djcmello
779,david_kusi
780,SwarmnSting
781,HalstonSpeaking
782,MrWright89
783,jayk_
784,WestsideCeltic
785,Tglaad2x
786,MRCANNIZZARO23
787,ozznne
788,Ryan_teodora13
789,BraxtonHale
790,Wahrhaftig
791,CSQMag
792,enricke14
793,JLeBert01
794,terminator67
795,MokJonathan
796,JimCasey64
797,Aboogie63656751
798,Maxine_Million
799,susanweeldreyer
800,gcsalcedo
801,LegrottagIie
802,Itsferdawss
803,babythvg
804,DerekJr__
805,TrIpLe_Bs17
806,ayyzzii
807,ReekSpeaks
808,stoneworrior
809,TrueMetamoran
810,abdulOP9
811,__PRETTYASSJASS
812,Hischosen93_721
813,Naomiwilliams08
814,ChocoLa16874391
815,elizaanai
816,itsmekeffey
817,WNBA_Lynx
818,theluckyman
819,MarcusMayle3
820,riv_jordan
821,UnicornKrisss
822,__Taemar__
823,AmbabaYasmine
824,kmsands3
825,queeen____
826,Rheasflair
827,PapageorgiouMBO
828,Biankaabeyta
829,Jer_Bear__
830,losherb
831,ppastor1922
832,mymasren
833,BarstoolUVA
834,romandrichards1
835,NO3805
836,MikeJSoentpiet
837,Daniel09279791
838,fabbi_losa
839,_D1chxrmvnmfer
840,yerecham
841,rezakia52647425
842,isabell62859418
843,BrendenPotts
844,bvri_
845,C_ISATROPHY83
846,czaroze
847,BBW_Candi
848,CharlesWBush
849,Kaze876
850,Kkimmm1232
851,CeeJViLL
852,OfficialNews230
853,CoupVintage
854,green10032
855,Kelroydaily
856,DynoGameTheory
857,primemamba8
858,LongLiveKobe824
859,sierra13brown
860,queensheeba1
861,tinaelisedav
862,brasileeiro_
863,memolotove
864,Parada45
865,Illmatic_Chris
866,watton_dylan
867,JahmeilP
868,True2_Love
869,StrollDemWoods
870,CardiacKemba8
871,kangarooimports
872,itsbriyon
873,RulingSports
874,FranzWagnerSZN
875,eduvg19
876,WhatsSleepTho
877,Knuevecinco
878,bc_tejada
879,LariZeLo
880,Mix941
881,vhall318
882,BlackPressRadio
883,GinoskoHipHop
884,TheGATORBUBS
885,SneakerTendance
886,rich_hofmann
887,Jaytryit
888,13wmaznews
889,kclanknba
890,Og_damola
891,cocomeshelle
892,Kingbrazil1
893,professor__ap
894,MikeConti929
895,JasmineLeeCf
896,SolidusShaz
897,Bad__Scooter
898,KonyonaNathan
899,America69275967
900,mduartejr11
901,criticoyleal
902,altvyxacvr
903,jawnlouis
904,kobesomali
905,Billybknowin
906,shortbumble22
907,wifiabuser
908,KissNowPlaying
909,Mynameis_JT_
910,LakersNation_PH
911,BearSoldier13
912,I_Rosheim
913,itsahelluvatown
914,Freespirit_mike
915,StevesBussin
916,JonathanKeller
917,my929
918,PinkNews
919,g0chanelurself
920,melaniebetonte1
921,teejayturner5
922,SalihAMedia
923,fireemt1979gma1
924,its_alberth3
925,sikmatic
926,ParisPapito
927,IJaneyy26
928,TheBrandowsky
929,agriffinmitsu
930,PhantomOfDarkne
931,JohnGlova10
932,linked2jeffrey
933,TimmyCulpepper
934,n_araujo03
935,piratewiss
936,UglyBoyJonesy
937,NYDailyNews
938,simplefrasesjav
939,FXlopez23
940,PeyerTraube
941,Polo79934530
942,Djaaaayyyy_
943,JuniorGrab
944,parker0383
945,DaSkandal
946,juicyfruitluis
947,FlyLifeRod
948,5starmontana
949,SimondelCerro
950,_shortiee23
951,Abdul57516277
952,BIGBABYBUUDDHA
953,Rs_English_Kobe
954,m22_ever
955,nostratomasnm
956,TWEETO242
957,iamkingjules
958,Aneudys_Santos
959,inLaurasWords
960,_bigsexymamas
961,JudygirlJade
962,lapham52
963,CherieAmor12
964,silviojimenez02
965,JordanDavisHill
966,kamencesc
967,deadendnights
968,LJ_DaGr8t
969,Meenor_RLG
970,ATLouisianan
971,CardzNest
972,cqnanaya
973,AztecaDeportes
974,ww1942
975,bigchris221
976,jvomikey
977,Kayla_Grey
978,atrxo000
979,TheSchreck
980,ruraljs
981,bebedeluzHN
982,isaniela_
983,tmschem
984,TriggamayHAM
985,lawless523
986,Romuald_Boulou
987,limitIessvoid
988,angelxdominguez
989,girlblake_03
990,_ayejaaycx
991,ChadNash13
992,TonyCapobianco
993,RyanDiBernardo1
994,BxsicallyIzzy
995,CarloCosolo
996,joshua01145788
997,FernandezLudmi9
998,__denissss
999,nadialohilani
1000,sweetspacejesus
1001,JoeHarrisSZN
1002,cvshdro
1003,bravomamba24
1004,musicodesucesso
1005,dollarbill1985
1006,DAsiaCeara_
1007,Steven___20
1008,alpracholam
1009,sayyles
1010,xKlayx1
1011,ChaeNero
1012,MyWansack
1013,chrisdinardo1
1014,Ian_tls
1015,SebbaVidal
1016,sayra718
1017,fedeviviani8
1018,TrevorBihl
1019,3rdivah
1020,torandtp
1021,jtylerconway
1022,Unkle_Gil
1023,PurpleMonarch79
1024,joey_netland42
1025,SkinnyMcGhee
1026,Pretzzi
1027,IsCyrusBarrios
1028,Fox2Al
1029,its_Lainaaa
1030,garilhobanido
1031,genuinejonn
1032,71Bruninho
1033,pricardin
1034,Drjam246
1035,Vi11arealCarlos
1036,edricksantiago_
1037,YearOfTheVlad
1038,ianholloway2
1039,PettyNextWeek
1040,adwmvp
1041,kenluke
1042,emmlovestacos
1043,Jmunshar
1044,oQuarterback
1045,jay_nail_13
1046,getoutthebox
1047,mckal_kirklin
1048,Eric__Smith
1049,fiweh
1050,RapMais
1051,adnildyob
1052,hoe_mazzello
1053,edelyyynnn
1054,RappersBackyard
1055,willamislilo
1056,ftbl_Ryan
1057,LewisJK5
1058,RobJonesJr
1059,CaIIMeB
1060,themccannible
1061,_CBLOC_
1062,NYJEraWRLD
1063,tugswan
1064,Poleigas_02
1065,CsarUco1
1066,Lanny_Saturday
1067,Skills_215
1068,tack_sharp
1069,kobe24jm
1070,TheKobeBeef
1071,Dctr_MaD
1072,hector27789153
1073,PhillyvsTheWrld
1074,lateisha_c
1075,sweet_ie
1076,TimaoIsMyLife
1077,12StarJuiceJer
1078,The_clark_Side
1079,olivierhusson3
1080,fitdadceo
1081,BigBethan
1082,cantusemyreala2
1083,Max24985066
1084,facesarino_13
1085,AliaMkik
1086,CTXKnightsBball
1087,kei_nihongo
1088,katesebastiann
1089,dopeitsjesse
1090,BRITNEYASHLEY86
1091,NikeHeadRon_
1092,kakarot921
1093,James05891
1094,BrendanSavage
1095,theblakkmamba24
1096,starshine_3
1097,BloomWorks_
1098,Fortunax22
1099,KINGZIGZAG5STAR
1100,MannyRG04
1101,TobiForThree
1102,kkehmolekk
1103,VlipsyRicch
1104,Raamde_Yeijqi
1105,OxfordCapRoc
1106,YudayaNamirembe
1107,luisferreiiraa
1108,SkipBalor
1109,HeronDemarco
1110,TDot_TX
1111,DeadGirl_Inc
1112,RickyTPerez20
1113,mfern4ndes_
1114,UnbFactsOk
1115,YourBoyRocha
1116,cristianbrena_7
1117,oscar_02213
1118,Jc_ose
1119,kailahmoney3
1120,D_Nyce150
1121,hauntingfame
1122,Makasaby
1123,okcoutkast
1124,Ceezy_Taught_U
1125,laurenskee
1126,KobeBryant_FGC
1127,aws0me_xx
1128,EmanuelBillordo
1129,justjaren24
1130,bizzlekay
1131,Ball_Que_
1132,entrepretrader
1133,NewsVLover1
1134,_JFoote
1135,KOBE_MARINE_AIR
1136,Flight4161
1137,ChaceWessley
1138,CeCe_Ramon13
1139,goodfellag_
1140,therealfreles70
1141,mrdrmclovin1
1142,LuhBitchy
1143,tampicoregresa
1144,CassieCarlsonTV
1145,TheHourNews
1146,TheSimbaPikachu
1147,_beensmoove
1148,JayTeeTodd
1149,SailorTurnee
1150,ThomasP34376475
1151,DiddyOfMyCity_
1152,Lifsun
1153,youngkaiz_
1154,gal_Lauren0
1155,dog_flex
1156,ItsWillyy_
1157,jacobchurch50
1158,JClarkNBCS
1159,_latinuh
1160,AlbertJArd
1161,El__Cachorrito
1162,DavidNealJohn1
1163,richymoe
1164,maxxszn_
1165,woodenhandz
1166,venezuelaaldia
1167,DramahLuvSpitta
1168,NickManus2
1169,charlatte190
1170,Alfredmedina_
1171,OliwiaSowa4
1172,JEEMGARCIA
1173,EAF58
1174,Michael2Wallace
1175,G_Chyld7
1176,SirKingBruce
1177,Hilario84752282
1178,carlo_vinicius
1179,JsonHertz
1180,98LAFLARE
1181,Duardo
1182,AiritOut1400
1183,Jesus_ls_KlNG
1184,Pure_QP
1185,JohnSmi51760885
1186,maduradascom
1187,reco_truesdale
1188,JTBarrettCFB
1189,RaulstonRollin
1190,Lucas_Rafael_23
1191,salomefm12
1192,Enzino_Herrera
1193,dubbuckets
1194,DatBoiThreeduh
1195,Beckstahhh
1196,RoseSpitznogle
1197,VandewegheS
1198,JaiGuruDeva
1199,buhlebemvula
1200,COCOGODDESS88
1201,as_vaso
1202,nolimitboyzz
1203,Meech0296D
1204,rsfbritt57
1205,gusventus
1206,D_Tee
1207,DiAkoSiJohn
1208,kellyleenash73
1209,YoungDeejDaw
1210,kodamashin
1211,MingMiyagi_
1212,bryansmith7326
1213,iamplanetjanet
1214,QAdebiyi
1215,AMillieOnHere
1216,roqets
1217,ImTiredManSmh
1218,AbdielCardona1
1219,Frxxkie
1220,queeensammy
1221,JoseG_JGTA
1222,camfromtheboot
1223,AhumadaCJ
1224,NeroSZN
1225,MsLashawnda83
1226,mackbyron3
1227,sonofpontos
1228,tico418
1229,samadams1433
1230,aytiem
1231,ShortDawgTre
1232,ReyInjunCancer
1233,CadenceOnDaBeat
1234,teytecno
1235,librasupreme
1236,mzbunnie
1237,calmario5
1238,Math_Navarro1
1239,arrogantafff
1240,ClayDade
1241,goldesenyo
1242,MattGotbillz
1243,SlyPayne
1244,BarbChairScott
1245,QuanAnthony_
1246,MIKEHAZE_
1247,iduncan
1248,Josephm76092588
1249,ChrisForsberg_
1250,DcDaKiid
1251,beverlycleverly
1252,sandy_know
1253,knickswintrack
1254,CollinsAndre9
1255,ayleenbuncay
1256,WiseAssMoFo
1257,eerbodyluvstay
1258,masua00
1259,411wrestling
1260,dajonmalik
1261,butler_alondra
1262,pavelbure24
1263,Anthony_TeD_
1264,mrwils24
1265,BadPasser
1266,20Sox
1267,LILAlDavis
1268,mabeytomorrow
1269,threevincenzo
1270,champton331
1271,belenger1985
1272,_groovytony_
1273,Capitan_Azul_
1274,aka_zello
1275,TomyAlarcon40
1276,Mz_Pooh430
1277,LervisMoya
1278,2jay_
1279,donie
1280,yosoyhalalfood
1281,bequesdomain
1282,JayMagny
1283,octopussking
1284,Gabby_S28
1285,given_official1
1286,Lizzard899
1287,sheilariossx
1288,AntioneCurrie
1289,ga_briela
1290,YODA_JR
1291,townbrad
1292,fampir_
1293,trymainelee
1294,AlexMontanaaa
1295,heady_chris
1296,Rai_Carrillo
1297,DreBoneSeven
1298,youlovekatta
1299,FOLIVER4U
1300,Virginia_PC
1301,ajanilue
1302,rangerov3r_
1303,Raphasmartphone
1304,xXsharnai
1305,BONNIES63108174
1306,PopAnLock
1307,Mattkizzy
1308,_twotwodafoofoo
1309,Chikita323
1310,meghanswope
1311,La_Weezy9
1312,christyc491
1313,ItzabkT
1314,BTCballer1
1315,NBA100Stress
1316,SOSAdmissions
1317,rubens_moisa
1318,8019346
1319,SC_ESPN
1320,TEFL0NthaD0N
1321,mts007
1322,StefanskiPls
1323,CasualFanTwit
1324,TinoChikoto16
1325,shegvtgame
1326,johnerasmo_
1327,wealldissent
1328,ptvamelia
1329,briyinturcios_1
1330,odditor_sam
1331,BootlegLady
1332,atxxpkrgolf
1333,Shaudbop
1334,NatureLoveStyle
1335,SMObserved
1336,MEEK_ndhumble
1337,sugalicka
1338,GustavoVallejo3
1339,tyheim1999
1340,ValentinaInLA
1341,ZepreC
1342,Aki_Hubbard
1343,jdav24
1344,Nowitzkied
1345,obieone25
1346,LeniseLigon
1347,RicarMBrandao
1348,PRMSlickThePoet
1349,K_Delacruz14
1350,ad_lg9
1351,whoisDJ
1352,LakersDailyCom
1353,HelloMocha
1354,Bondirocks
1355,opennewswindow
1356,furrypornishot
1357,kellyjellynelly
1358,TEAMSENDNUDESX
1359,SalazarSalas1
1360,HWoodWorldSport
1361,kobellic
1362,kytxcbs19
1363,MrFootWhisperer
1364,screaming_tulip
1365,BXMenaceFrankie
1366,pemuehleck
1367,Sappo_39
1368,Rick_rb17
1369,tamrynspruill
1370,SklarBrothers
1371,domiana7
1372,FineseAndMove
1373,JennJen73024522
1374,AyyeKid11
1375,KRegala2
1376,Jordan_Bryant13
1377,LPatroller
1378,AOBMOB22
1379,Ync225
1380,fons_juliojc
1381,kobe_foxx
1382,DiarioDiezHn
1383,cuervonista
1384,KobeBriaanSA
1385,MJtheKing0fp0p
1386,Bunnies798Acorn
1387,ItsDaPrinBabe
1388,KyleNeubeck
1389,WattahF
1390,WeFiredHakstol
1391,SwaggUnlmtd
1392,Gerozzie
1393,WesHickok
1394,Vizsuals
1395,msblgomez
1396,GreensFerryAVE
1397,Cest_La_vie_87
1398,reanbeanmachine
1399,aff_belikeee
1400,kl3bb
1401,freakyradioshow
1402,Graytness4
1403,BMBMG_Kezzo
1404,lunameely
1405,jpacsanchez
1406,claytonreid7
1407,PleezSayTheBaby
1408,SheemOneTheMC
1409,drew9758
1410,Mpyana95
1411,aronov_emmanuel
1412,tnegasbog
1413,_mommarobyn
1414,hunterski98
1415,AlhussaneFisiru
1416,KobeBongrips
1417,HereLiesZay
1418,justmesrh
1419,spinallybabe95
1420,Colby_Is_Beast
1421,DeavenStarr6
1422,kobemty
1423,TheArmstreet
1424,ApocalypseCosmo
1425,serpentfireix
1426,toku_fire
1427,CharlesHoying
1428,POPSUGARFitness
1429,__Clue
1430,VictorRojas
1431,Ace_foreign_fya
1432,MrAceB85
1433,Go_Los
1434,ijournal
1435,GuguAlmeida5
1436,Lebaniegos10
1437,hechomigas
1438,BradleyPritts
1439,SHANNON91611993
1440,GooGwaba
1441,LuSavage__860
1442,Chuck_L25
1443,LRohdt
1444,__Jackson3000
1445,loretta_stiles
1446,zettieleeuw
1447,_DOMODEE_
1448,iKeep3Hoes
1449,JamieApody
1450,NGirrard
1451,JChyrellR
1452,FultonJuliann
1453,theSimonTourney
1454,GregLogan1
1455,laoctavasports
1456,c0uture
1457,bharper6
1458,KennethHolland
1459,Lechuguinos_com
1460,Sean_Flynn98
1461,T3MP3STT
1462,NZStuffSport
1463,Padams91
1464,kayyelllyynnn
1465,PA_Wondo
1466,Jfj_iii
1467,kwqcnews
1468,WFAN660
1469,thekhyrieshow
1470,Soul_Eye_Man
1471,surprise_me
1472,SaputraBerman
1473,elmundoes
1474,shawnaaa777
1475,rebecsaa
1476,iMaryJayy
1477,SinEmbargoMX
1478,Haberdar
1479,Reuters
1480,nexogol_nexofin
1481,CUAReaper
1482,thithoma
1483,csula_ut
1484,Leslieoo7
1485,AutonimusP
1486,25Lbs
1487,HoodieSolak
1488,ran_rocksteady
1489,itzjustheather
1490,MoouseL
1491,neijanyby
1492,elisheba_ruiz
1493,Caudilllo
1494,lopezarturo_
1495,KASH7_
1496,JACCBEMBA15
1497,OLAWUMIII
1498,_SCTV3
1499,Beyuuuhhh
1500,baeofalltrades
1501,NFLOwnerGBP
1502,AmordeAco
1503,RobSlater10
1504,lovee_irie
1505,MiCxSiC
1506,FourtyPlusFour
1507,markmac32
1508,purpledaisy331
1509,jvictorian_era
1510,_restwellmu
1511,drew_muvvaaa
1512,Anitaaax0x
1513,609_REL
1514,iAmMissMichelle
1515,rell_just
1516,Martin_A__
1517,charlieperce
1518,TheLakersReview
1519,Realrclark25
1520,DwightSchrutego
1521,McQuaidBball
1522,car_underwater
1523,gorgeousRABRIEL
1524,plainesdrifter
1525,marcezy69
1526,Nishap008
1527,itsmeellarosem
1528,uneekcollection
1529,huevo009
1530,jcooooore
1531,Why_Germa1ne
1532,jmeeks77
1533,SirJayMF
1534,Jaquiecitabby
1535,LoveMeSomeTy
1536,ATLHawksFR
1537,asacre45
1538,iceprincipal
1539,ktkt76
1540,Jeanine48638879
1541,ayeeeits_alex
1542,MirrorCeleb
1543,kimevangeline
1544,accessurrea
1545,messamy2
1546,Santos_Express
1547,Jujubeaans
1548,JulianCigarroa
1549,footballturtle9
1550,gomez_spencer
1551,chelseabazz
1552,Alexshawver
1553,TwillTrousers
1554,ranjiekhyron
1555,BackcourtBr
1556,ohmyramsey
1557,VCam2016
1558,WAKEUP33462138
1559,Splosh_54
1560,Amanda__Ray
1561,Sarcasmicfiend
1562,Alpo1289
1563,avensio
1564,RoyAdam23734849
1565,gmbradd7
1566,Shessosyd
1567,djxbazztv
1568,DizzyG_
1569,CeliaBmnt
1570,YoNews
1571,venenosaw
1572,BMeece92
1573,FrankSacco_
1574,lovable_daniels
1575,KDTrey30
1576,RaheenChowdhury
1577,Gooch183
1578,uclagymstan
1579,MzEgo27
1580,Gared_20
1581,Alen__1991
1582,TheKATOShow
1583,amyg_always
1584,Swagmire
1585,nolangolf
1586,SIKJOKER
1587,Alienmariah
1588,carrillom728
1589,ivantgr
1590,FSahakian
1591,MoneySniperDrew
1592,Trill_Clintonnn
1593,Bethany11588401
1594,knowairaaaah
1595,JoJoHighTop20
1596,coll_shanahan
1597,dominicanKobe
1598,rachelemlock
1599,nenosoares
1600,yugor0
1601,kywononline
1602,morefmphilly
1603,ayooitsevelyn
1604,DanielBlocker23
1605,chasedeezpicks
1606,Nboy_Gaming
1607,thisisPaulE
1608,PConanan
1609,kharitbh
1610,_qtken
1611,carson_fehler
1612,3banks
1613,Infinity8Time
1614,abdiel26605363
1615,alsheeennn
1616,alain2324
1617,AjayStfc
1618,BrianEricksonCo
1619,dou_blec
1620,dabackyardkid
1621,TommyRoller
1622,iamloyal__
1623,BigBootyJudy814
1624,Extendobams
1625,Detron3000
1626,___Rion3
1627,mike_botelho
1628,compSciMatt1002
1629,MesharaWallk
1630,kentpg
1631,LeekDonDada
1632,PrimeTimeCurry
1633,kobej08
1634,Gittlemonster18
1635,Vibezzz__
1636,RebollarKeven
1637,StarScream_Blu
1638,MehmetBirincio2
1639,MartineMontreal
1640,PhilArtsis
1641,TitodeRosario
1642,LAJAYWOP
1643,thisaintjames
1644,LEvELSCALES
1645,kawaddis
1646,_KING_DRE_412
1647,mott009
1648,HallOfFamer7
1649,lightbeeerpapi
1650,TheMunguia
1651,Mitchyyxo781
1652,PeterGriffinAcc
1653,amschelthe2nd
1654,mrsbuck06
1655,vincelvrs
1656,geniusane
1657,tcpdr2
1658,bsgper4
1659,AlexRoseNews
1660,1optionsWhiz
1661,ToureDeTrap
1662,TheRealCoreyRob
1663,latimessports
1664,rancholasuvas
1665,pixielauren
1666,yahh_guelly
1667,cuevasnews
1668,globoesportecom
1669,jordanghita
1670,yungriftyz
1671,dswhilden
1672,chxo____
1673,jasonatharris
1674,ashrafahm95
1675,9AM3CHANG3R
1676,Armydw72
1677,DevonteWrld
1678,BrandonLolwing9
1679,unatalgrenua
1680,CHEFCHRISOKC
1681,bysayed
1682,SEgan9
1683,Kinblood513
1684,MusTah_jOkeE_Up
1685,honee_marie
1686,TrueBabygurl
1687,Dayygood_
1688,JasonPaulSeymo8
1689,TheSportsNerd_
1690,Eck_ZS
1691,DroneNewsFeed
1692,lopezsock
1693,YBouranis
1694,TheOnlyJuan93
1695,allenbennett195
1696,Ashleeyyyyy
1697,BuffaloSabres06
1698,ogsubachi
1699,nosuspendpls
1700,BEzi954
1701,ExquisiteTraxx
1702,MarleyGirlXoXo
1703,AnchitaJha
1704,_MADEINGEORGIA_
1705,Crazyforlions
1706,NikeHeadKJ
1707,u2cangetit
1708,WLKY
1709,laidenspatrick
1710,journalsentinel
1711,jsmitttayy
1712,sergol70
1713,TheRoseNduta
1714,sanzkaren
1715,tibor
1716,Tor1n
1717,RastaVon
1718,Manny_el_coyote
1719,Welivebaby1
1720,YoMrX_
1721,The_Nubinator
1722,nba_iman
1723,lucasq29
1724,AlabamaFTBL
1725,aintshit_Jay21
1726,msalexaw
1727,YUNGMANDAWG
1728,bluepole
1729,derekeb
1730,rednoseskunt
1731,tlxnds13
1732,cozykillacam
1733,XEVATabasco
1734,asha7777
1735,santarosea
1736,RongKirste
1737,Prettybrains08
1738,Fdefeo3
1739,GPhi11y
1740,savage_jayy300
1741,JasonClough79
1742,braian_toledo2
1743,TheRealDuranJ
1744,heyyoopg
1745,KingHarris_9
1746,MylesJD_
1747,BeckyWTheGud
1748,Pimp_Starburst
1749,JorgeRojasMed
1750,playboiblackiee
1751,1CowboysNation_
1752,CheerZhs
1753,wustoo
1754,firouzdhya
1755,BananaAlbooty
1756,chamydc
1757,TorresAtleti
1758,byrnesms
1759,enews
1760,Matt_Infield
1761,DrugsssBunny
1762,brookegiles
1763,dreamville_gabe
1764,theNikkiBrown
1765,JohnRobertFinch
1766,negusUlove2hate
1767,DJckFlash
1768,shaaeeeee
1769,MrNegative8
1770,deeembtz
1771,bonjouryall
1772,RobbyL89
1773,Valenkinggg1
1774,ball_brother_zo
1775,MarciaSessler
1776,rj_porras
1777,Deadpoolteam12
1778,arif3000
1779,JackieKingston1
1780,hcristianperez
1781,meibarra26
1782,legallyskilled
1783,explore_cal
1784,truetothegame13
1785,dmartinwagner
1786,uptop_billz
1787,Gutta_NA
1788,noshiwoshi
1789,InGodITruss1
1790,KentSterling
1791,KyrunFoster
1792,munozd570
1793,Cberling3
1794,SuperCoolNeemz
1795,Frankpowers666
1796,BadAzzBibi
1797,Nissi_M12
1798,OubreJrBurner
1799,santiboxer
1800,JesusDa89090370
1801,JJDaBombs
1802,Sandpower
1803,Call_meALI
1804,itsKenBarbie
1805,ShaunAustin94
1806,Jim_dawggg
1807,batisutasan
1808,theycallmeslim6
1809,maddieyanez23
1810,rizalindis
1811,KGoyard
1812,PocaaaC
1813,salim9081
1814,JulianMozo
1815,CharmingShauni
1816,JesseSehra
1817,earlross2u
1818,TooMuchDrip4U
1819,Babgonewild
1820,DeanAugust5
1821,NotLibyanJesus
1822,WhichCarolina
1823,TheRealGeiger13
1824,Ksteeezey
1825,Tito8aLA
1826,spentthatmoney
1827,domnbrady13
1828,Typhoomantis
1829,hellishsandwich
1830,alaturkanews
1831,BULLievin_n_MIA
1832,JGrasso_
1833,jallllen
1834,LAWomensHoops
1835,compro_tax
1836,Cleveland_elf
1837,kari_weis_
1838,WhiskerBobby
1839,yoamiputabola
1840,IamGads_27
1841,RickAMC1
1842,ImJustSway
1843,AngelGZalazar
1844,bertan_tasman
1845,mandi_hinrichs
1846,nick_donnell
1847,briiLikethebear
1848,states012
1849,DrJimmyStar
1850,djnaominyc
1851,Ba9eI
1852,NBANewsNow247
1853,Weeg__
1854,amerquilala
1855,ianchrstphrpabi
1856,Mews26
1857,tmarsenburg21
1858,benniejooy
1859,checkmy_price
1860,NotaGeorgie
1861,GunzY13
1862,izTariq
1863,shemreznauman
1864,nbt_honcho
1865,keloke_RD
1866,IWantAnXcelsior
1867,AndresV49129041
1868,s5phillips
1869,Stefani31036659
1870,coffeetalkwc
1871,pretty_richey
1872,collectiveUV
1873,MarkisAlexander
1874,SukiCuevas
1875,datdatboi
1876,Rackedupsb
1877,psychemaria_
1878,broccolirobin
1879,six_tical
1880,kyle_cunni
1881,nomothots
1882,LloydPacheco2
1883,joshuayeboah241
1884,judgingDEJI
1885,pedro_lopes45
1886,juhkayylaa_
1887,tjpearceee
1888,Lijhba
1889,S_Boogi3
1890,thenewyorkina
1891,lightskinnedovo
1892,_marydeabl
1893,swarbleflop
1894,The_Truthness
1895,_bake___
1896,JayThaKid_
1897,_ShaeButtah
1898,Tsunami__Papi
1899,pretendwerenvmb
1900,khlsrl1960
1901,MBDigital001
1902,allanapratt
1903,2S12_
1904,jarturoe19
1905,RastaDb
1906,AndresMijares99
1907,lesleysjoseph
1908,TheBolerII
1909,bobloblaw670
1910,411mania
1911,Dreamvclle
1912,ThePharcyder
1913,BOCARTER
1914,espn_macmahon
1915,chancebrant
1916,dfaaita94
1917,GermanZie
1918,danitrex29
1919,freengenio
1920,JBlevinsNBA
1921,FKAshiv
1922,ssanford_4
1923,whykatiecassidy
1924,G5Living
1925,crimore02
1926,love_kobe_piece
1927,copacabanasj
1928,jondhi23
1929,jcast41
1930,gvnpowderqueen
1931,iceywall
1932,XOTWOD_13
1933,ItsDesmondo
1934,StarCoinHero1
1935,Kelvyn215_
1936,CMPrince__
1937,canbabak
1938,OjosDel3erMundo
1939,943_213
1940,Lowceeblow
1941,407strong
1942,realcyberforce1
1943,915Rell
1944,Ricaesco
1945,RomeroSaltaren
1946,jaysreallife
1947,Berns12060
1948,Mayrita_RC
1949,AmariBrenae
1950,DHolubiak
1951,Kingdapper54
1952,hottiejez
1953,RadioAnimeTzl
1954,ScreamSayeah
1955,KakakakaLucas
1956,guibsccp
1957,snflrs
1958,_jesusenrrique
1959,Coby_Hughes
1960,AmberMolette
1961,BronBrasil
1962,Susanyah2
1963,PatJamesDFS
1964,RyanGreatScott
1965,dLanSH_
1966,nicoleefosterr
1967,futurejag
1968,SimplyCrissy__
1969,ElKobe777
1970,Sabrina11925
1971,BistFoston
1972,acepaid4l
1973,quagmire888
1974,Joe_Joe_Fresh
1975,Daveteran_SHOo
1976,TheRealLuisLeva
1977,beaujbarnthson
1978,clavclavv
1979,Its_Keyzz
1980,MizRvnTCB
1981,migueltorres024
1982,JayTooLiquid
1983,waterbedrippin
1984,Ruth_Wd
1985,JRagz_11
1986,KOBE_Hilcrhymer
1987,kaylatommy
1988,lencina041
1989,bkr_77
1990,NessMonet
1991,Luckylady52
1992,JamesAerial
1993,BringBackTheBuz
1994,Jay_Roget
1995,Ahma_Dude
1996,AlexisDali
1997,sunflowermyeyes
1998,ABC
1999,kittsosoul
2000,AmandaEstrada
2001,TAdelsberg
2002,Lolyprada
2003,justNomad9973
2004,_TheLionKeem
2005,5gOAIzbipGbuPdc
2006,doingbuzzz
2007,KeenoVibez
2008,TSN_Sports
2009,LeBronJamesTurk
2010,MsPhillyPhil
2011,JOislikeWOAH_
2012,CalafiaCerises
2013,BobFran41423127
2014,Deportesdiaadia
2015,LifeOfThaParti
2016,nichole_kalynn
2017,JenPurtell
2018,HoneyGarIic
2019,l_jay15
2020,sheilat15448876
2021,Ugh_frank
2022,kobe_kosen
2023,keden14
2024,YBeJeff
2025,elenanturner
2026,BrainsNBuns
2027,senorita_amor
2028,JayTheG_
2029,ResupineSteam
2030,TheRealDariusW
2031,destingerek
2032,orangeboy7567
2033,GoInspireGo
2034,traskera
2035,Jwills_Co
2036,ChampagneKobe1
2037,Yeboah_7
2038,KaryannAurelia
2039,A_dot_Prince
2040,REALZLIFE21
2041,ATalasnik
2042,California_Art_
2043,LadyLaquiria
2044,MiriamFujkova
2045,smootie513
2046,_JT_Smith
2047,DTeambanning
2048,LDoingbuzz
2049,justinsablannn
2050,jelleverse
2051,Keistella_
2052,giorgi19957
2053,HeavyPurple
2054,Uthmaan_K
2055,JuiiceRoEdwards
2056,JjesseCuster
2057,Lingarddance
2058,PhenoDoingbuzz
2059,AnhzoBall
2060,soyelinsane420
2061,__Kady__Love
2062,SUPREMlNG
2063,Gatitoo_7
2064,jericgomezm
2065,emcathhh
2066,dylan_100_
2067,AlykkCzndr_
2068,24Kobe_fan8
2069,KobeTheKraken
2070,Sidelines_BU
2071,StayTrippyAna
2072,incogne_glo
2073,riquecrf_
2074,_Holapay
2075,sammie_mendez_
2076,ReedDaGreat
2077,naija_reports
2078,m3lissux
2079,JustinTrangsrud
2080,_CoolStoryCori_
2081,GodsSunKen
2082,MikiZalewski
2083,OhCoco
2084,justin58000634
2085,romuhtari
2086,andee_morantti
2087,relentless4432
2088,JaMorantBrasil
2089,realnealkaushal
2090,Ejalandro_
2091,SfGiantsRants
2092,eVVITCH
2093,K_dot_ali
2094,Brayden_3smith3
2095,TCinDALLAS
2096,Jaxx702
2097,DerekJamesNBA
2098,Nickpritykin
2099,beezino24
2100,DiannaSensley
2101,camtheemac
2102,skill_twworld
2103,bdrake25
2104,Fabianpluscomp1
2105,gutxigirl
2106,JayTwoTV
2107,Nurselindalrea
2108,zerro_oz
2109,miilesnamoralez
2110,simaoosanti
2111,angel_manuel17
2112,_KoolWill
2113,THEPICKSPARLEY
2114,KelinTokyo
2115,BreezoFrmTheSto
2116,rsingh5100
2117,nocapinghoes
2118,BabbleBalloons
2119,LiL__HA
2120,npcheung
2121,Falcron58
2122,SportsFanAmeri1
2123,NoLimitShaii
2124,saSHOK_15
2125,LibertyHangout
2126,yssd
2127,lakercowbofan85
2128,Kinwinss
2129,Andrew_Dad
2130,sydneeykxoxo
2131,akaHurricaneKen
2132,IamMoosa
2133,HollyWoodMacc13
2134,ZachFullenSzn
2135,SoCalGroup
2136,lxngston
2137,EQ9200
2138,CBSPhilly
2139,paulieedelagdo
2140,en_cocos
2141,RIPKobeBryant8
2142,LBFlashy
2143,Ivancruzrd
2144,SharadP72476854
2145,KristaMaldonado
2146,zebfr
2147,dizzeebaby1
2148,eminssb
2149,MrTylerMBrock
2150,KhadeemMcLean__
2151,StephonRaquel22
2152,Millie_Jack1
2153,AkronGalleyBoy
2154,leomagalhaaes
2155,OmarTee3
2156,AirMinky
2157,CliffSchroder
2158,Alan_858
2159,abbiekane94
2160,justgrowncold
2161,That__bean
2162,mk6Drew
2163,AkawSports
2164,BlkBnr
2165,matrix190890
2166,LordSabio
2167,lhlacrete
2168,tsutheboi
2169,MarinaBaasch
2170,JoseloraptorD
2171,_jvstvn_
2172,thomasjerry369
2173,Tirado96
2174,WhoDFIsKen
2175,K12EU
2176,Jhk_Sandhu
2177,Msjackson4real
2178,gabosama
2179,1011_News
2180,tailoredmayo
2181,GSWRoo
2182,Jharry615
2183,ilovedimplesboo
2184,wa_funyuns
2185,ConKaSports1
2186,pickmand07
2187,lilguztavo
2188,aoisensi
2189,BossRR03
2190,usatodaysports
2191,UnsweetTee
2192,Demonocracyyy
2193,OuDiEm23
2194,ErinMNeal11
2195,AnthonyKucharek
2196,ChrisCJ20
2197,Prof2kTweets
2198,Ststressful
2199,Shvkxir
2200,what_what_butt_
2201,404_MyCity
2202,jkaise42
2203,BetolaraF
2204,maddog166
2205,vsi1810
2206,PushaDee_
2207,MasterSingy
2208,ilike3p
2209,e_newel
2210,BigRaz818
2211,1youngkw
2212,PeepMixture
2213,ProffesorZ1
2214,dat_bwilly_dude
2215,ohsugaaa
2216,crystille_
2217,h8d8b8
2218,BigWoodSalazar
2219,daijhax
2220,andyrivera_23
2221,epitman1015
2222,SpikeReeds
2223,McDraco1
2224,mariochuiz15
2225,breckdaddy
2226,RussNRoses
2227,DonaldLantz
2228,WayneG_91
2229,joshualebeck
2230,DiegoMartnezG5
2231,MichelGuenette3
2232,ZapataAlejand2
2233,ChadWickington
2234,missliana_
2235,Israelkikas
2236,aarasht
2237,czschmidt
2238,umcaraidenada
2239,jayy_holt
2240,Emjay415Mike
2241,Luka_KPSZN
2242,TorontoRapsBR
2243,belindamonique
2244,TeaTenders
2245,cee_dawg_
2246,iamtyjuanreid
2247,SunChild444
2248,TylerIanKirk
2249,ruda19_dorota
2250,ThisKidAlex
2251,RobinGrimaldi
2252,TinaMarcus13
2253,HarleyWeeks6
2254,TravisMalachiJr
2255,BarkyBoogz
2256,howgreatJr
2257,fscarfe
2258,bobbyn0824
2259,jerryb650
2260,azcsports
2261,Fogle11
2262,WHAS11
2263,Emingce
2264,yd_hardhead
2265,Arthmys1
2266,danilo_sanches
2267,GervonSimon
2268,ChiTwnBullsBlog
2269,yurioliveirasfc
2270,AsaaOtaa
2271,DerrickMackey5
2272,C2daDu6
2273,LuvlyVeroE
2274,TheLastFabeo
2275,the_geeky_troll
2276,Larsen_ESPN
2277,KillZetsuuu
2278,GERRARD98ER
2279,Royysxr_
2280,Kieeesh
2281,FlorentGarrett
2282,APgelston
2283,FanetoGang420
2284,mortardigital
2285,sergionroman
2286,AyaaTarek11
2287,jordanfromtwit
2288,Noobzinthebakry
2289,CSB_YT
2290,zeke76194546
2291,THAT1Hollywood
2292,jjwill1499
2293,azizly_
2294,llyngdieudo
2295,LaflareJordan
2296,candiluflu
2297,gotPHONICKS
2298,PlZZAMONSTER
2299,JaysonL56
2300,Hotine3
2301,zoewestham
2302,azhaniiii1
2303,_n_a_l_a
2304,cyn_on_the_chat
2305,Pdogg187
2306,BrothaWeezeyTV
2307,kobomb_
2308,lmusic6372
2309,NobleClipz
2310,Barrato_
2311,Humble_____
2312,ReynoldsJamal
2313,Tammmed
2314,bravenewradio
2315,AvengedPhilly92
2316,jaygleckner
2317,ReconIntell
2318,Playboy_Laker
2319,SDBoxerGal
2320,TomasKantor01
2321,keeliana4
2322,AbsolootFLP
2323,ughjonel
2324,Be1Sean
2325,FroshJosh7
2326,CtrlAltDelete77
2327,RidersRLife
2328,Padu4000
2329,iamdattydee
2330,itsjustusbro
2331,MrhotJayon
2332,C_butter4
2333,freedom2debate
2334,HiramPoole6
2335,mdbailey05
2336,MarcelasHoward
2337,davsalvador1
2338,ishitgxld
2339,WJets420
2340,TheSportsGuy212
2341,HowardSpira
2342,C_J_Dude
2343,Proto_cal
2344,nickseip
2345,lilPGnate
2346,_mrsoto518
2347,rangxrfrxx
2348,flor_forever02
2349,og97__
2350,SRB___19
2351,edlbreezy
2352,BMXE1
2353,septszn
2354,VixiGlad
2355,drudgefeed
2356,mannydptg
2357,SaysSista
2358,MANOMAGlC
2359,hugoleots
2360,nikki_vs_lyncia
2361,Kithurst_Close
2362,eyeasone
2363,dundalo_daBoss
2364,hoyextremadura
2365,RON_E_B_357
2366,Dj_Loes
2367,liliz1204
2368,TheMavsQueen
2369,JORDYHiGHROLLER
2370,seancoletweet
2371,polo_kobe
2372,d_wiggs
2373,mafrayvma
2374,Icarus_Cash
2375,CHOIBOIZZ
2376,b_britiana
2377,hilldominate
2378,KobePlace
2379,BasketUniverso
2380,darri2x
2381,chevy_gr
2382,harryyyg_95
2383,julioF14
2384,_Bornmoney
2385,foxxxybrwn
2386,Natalee_Ameray
2387,DestinDiarra
2388,njuare_
2389,ErnestoPardo18
2390,NBAGradas
2391,project_pat6
2392,Breezy2flyy
2393,ArieVogues
2394,BSneeed
2395,MuySuFrido
2396,TodayInSports3
2397,JOHNTAY85992740
2398,AngryJabbo
2399,LonzoBrasil
2400,beccabooo_xo
2401,gyrouszeppeli
2402,MrsMcKnight13
2403,_GetLikeMe
2404,Thunder_THR
2405,kishaaxo
2406,ShadvsTwiter
2407,DCRGLOBALMEDIA
2408,Jax4T
2409,DamnDaddyTX
2410,nicoliooo3
2411,bbryyy
2412,ThePattyG
2413,arthurmonteiro7
2414,decimoXIV
2415,TheWarpedVoid
2416,hersheymakemsay
2417,xBDOT
2418,derekant96
2419,TheBass_Abides
2420,eldestapeweb
2421,krvstxlvx
2422,mathewamerson
2423,standonmymoney
2424,beatmastermatt
2425,eddyzow
2426,TainaraTyler
2427,tcoff6
2428,queenandi412
2429,Kof5Victor
2430,babyboy2001
2431,josecad94987357
2432,StamAdvocate
2433,IIIRandall
2434,Kamaka07
2435,RadRivas
2436,_santiiguzman
2437,MindOfReese
2438,AntonioVega__
2439,WilliamRJohns15
2440,SuplexTheGod
2441,DennisCurran
2442,GillamJacob
2443,LILMSCOMPLAINER
2444,FilthyMob_Lee
2445,SeauxCoolin
2446,Daltony314
2447,puupiischefer
2448,juanencripto
2449,Coach_C11
2450,HeyHarpo
2451,fuzzynutz1988
2452,GoJeffYourself_
2453,SiakamSpin
2454,BlueFingerzz
2455,fukkbag
2456,kobe24_mamba
2457,BishopDSerpent
2458,akatzbo
2459,KyeIsTheLimit
2460,RedcupDon
2461,AranduqueJoshua
2462,TadeoGimnz
2463,BiscuitsDad30
2464,DasDetTweeter
2465,Elliekuu
2466,Podolskll10
2467,dmontzsta
2468,ZayBruhh
2469,almighty0106
2470,Rebello7
2471,vincentzmommy1
2472,Laretsha_
2473,Tabelacarioca
2474,amilton_tri
2475,iamcocodavis
2476,RIPKOBE53414282
2477,jakewhite77
2478,ScorpGnarlyBich
2479,AceAmongKings22
2480,esivs
2481,jazmonhart
2482,Jcell29
2483,afonsom01
2484,RolandHTX
2485,Dtuck_12
2486,LilJeanGrey
2487,derrickchainey
2488,SirFollyyy
2489,reid_dukes15
2490,Mac_Wizards
2491,InfiniteILLest
2492,DaRealLil_rioz
2493,RebsTweet
2494,BiggestFishy
2495,J_Ford326
2496,38_youngboy
2497,bvbyrooski
2498,ctvedmonton
2499,LakerPZ
2500,cajunbaby401
2501,TelemundoNews
2502,marketprdaily
2503,QBNDorian
2504,blmayb5
2505,NanaNambela
2506,vasquezraul2
2507,nes1998
2508,SwervTheBarber
2509,contrapuntovzla
2510,stacielchambers
2511,spookysocksoup
2512,Bballprodigy26
2513,WBlxnd
2514,bonnymusik
2515,ofwreykta
2516,demoniaknico
2517,tiagoschiavon_
2518,HornetsOnFSSE
2519,swooshnastyyy
2520,MindfulGen95
2521,fersch_4
2522,hannahbrad
2523,RawlingThomas
2524,WTHallman1
2525,BBoiDelitz
2526,HighFlyers22
2527,solrodriguez
2528,ConnerSparks2
2529,TheRealJunior01
2530,9NEWSSports
2531,Donchula_
2532,AAucoin_RH
2533,SimplyDawnMarie
2534,lilsoysauwz
2535,NickCarboniWCNC
2536,Nate_SoSwavey24
2537,stk_otr
2538,Jovan_Naves
2539,hecsa6
2540,section1994
2541,Brant2theSloan
2542,Will845_
2543,Estela11715337
2544,elT0XIC0
2545,drmo4991
2546,pedro28sousa
2547,robinann2007
2548,antoooazz
2549,seokhitent
2550,HoodDuo
2551,jbparker17
2552,ItzStephortless
2553,BrothyJay
2554,drudgereportapp
2555,JaredPeacock
2556,Ali_N01
2557,Com_Digital1
2558,ArbiansyahRizqi
2559,javidloskalises
2560,PogbaMC1
2561,NurseKVKatelyn
2562,jope_7
2563,angulo_poblano
2564,kimmyreyes14
2565,DigitalPoblano
2566,ShanaFaSho
2567,JayRozayy_
2568,itsjelzamora
2569,reymond_rubio27
2570,ThatWouldBeHer
2571,alexpingarron
2572,StanLee_23
2573,BigOgKobe
2574,healthmarketer1
2575,Devg_98
2576,Atlantamom
2577,Cindi_Loo
2578,DeeaLoree
2579,DrudgeBot
2580,TheRealSignGuy1
2581,cdesportivo_pt
2582,angela81280302
2583,MGKermit_
2584,isellhenn2
2585,trefromcali
2586,linaagall
2587,WhoisTre
2588,yohoyohoblogger
2589,ESPNLosAngeles
2590,xngmm_
2591,Nochill_Shortie
2592,xoCocoChanel
2593,ogknown4smokin
2594,Lpesdsantoss
2595,Asipasaenpue
2596,nawal19308739
2597,pingnaah
2598,thebabydoll__
2599,calebthagawd
2600,KHuseman02
2601,online_puebla
2602,Trrubeey
2603,XXLONIXX1
2604,keeshadtaylor
2605,CoiCarps
2606,BernieFechter
2607,SRichkard
2608,Blvdclick
2609,Yeezy77_
2610,joroz8
2611,RalphTheRulerRL
2612,cookieg28
2613,OGJOHNNY5
2614,HonestAbreu
2615,BBHBilly
2616,BandzRii
2617,Big2_Sports
2618,Trinda99matt
2619,WittyAsCharged
2620,kriss_kobe
2621,NoticierosPueb1
2622,kinginbets
2623,kyleschmid_
2624,Prettygonzmeg
2625,3GoalBottles
2626,DionApollo
2627,81037e0c00734eb
2628,RealReyvolution
2629,i_Mezmorize
2630,Carnage45__
2631,__Wackson
2632,PeaceJoe24
2633,JodySackmann
2634,Motomom128302
2635,bigdavez302
2636,DuragCody
2637,charity_xrp
2638,jjustty_
2639,MinorEruption
2640,OHAngelGh_
2641,icecoldjd1906
2642,DemocracyWorkz
2643,getbentliz
2644,Ismael_2799
2645,juanthadon86
2646,IAMYVESSAINTLON
2647,OTW_Cordial
2648,Stac_Bean
2649,aceee___
2650,therealslim_22
2651,ElPortal24
2652,SerGeeOww
2653,PoblanaTribuna
2654,TondreK
2655,belitewwedodger
2656,Droopy_34
2657,angelnavarro81
2658,benpreuss23
2659,toosaloose
2660,casarez223
2661,justusrogersTV
2662,NoticiasPuebla4
2663,ericjohansen01
2664,MarkFischerNY
2665,OutsideNation
2666,LakersLdz
2667,Ethyrags
2668,Uranranebi
2669,kobe_urako
2670,dahalfabrain
2671,180rae
2672,PutaDrenada420
2673,ronchi565
2674,ejay18_
2675,twosheeep1
2676,ilonggodad
2677,4NANDO7
2678,Hrume
2679,the_bherb
2680,SenpaiRoshe
2681,SLAMBasketball1
2682,Grandmastersub0
2683,B_typical
2684,ArielJuly1
2685,Goalsncom
2686,FR_Sixers
2687,LeeonPhelps
2688,LieOnce
2689,TrapMoneyZenny
2690,olivia_maiya
2691,ppiiggyyfrncs
2692,moricchi0kobe75
2693,Marcoleptique39
2694,jornalextra
2695,andre1884137jct
2696,kobe_marutaya
2697,PrxmeKobe
2698,HawleySports
2699,mightysparty
2700,WillGuillory
2701,ReginaC99947736
2702,elderfelton
2703,ryanmendez25
2704,IsThatSemajj
2705,JennyDreaslerTV
2706,d3decuhhh
2707,Jerwin_Navarra
2708,NotoriousBABE13
2709,L3n0_Jay
2710,IAME_GRAY56
2711,TheAntiPrieto
2712,esterbanm5
2713,SwaggSavage2
2714,Iandlsr7
2715,1nateton
2716,ColtonYesney
2717,RAINBOWBLAK
2718,K1LLUAZOLDYCK
2719,Godd3ssSatAn
2720,King_Skela
2721,MrTopNews1
2722,irwinglenn
2723,gthiel93
2724,borrish4
2725,brightlovelive
2726,MoeFrmDaEighth
2727,ValerieHaines
2728,bryanbawse23
2729,Jerrold_Colton
2730,BruceWatson43
2731,TrystLlyrJones
2732,mikellino7w7
2733,Hoysesale4
2734,ElleBless
2735,tankaveli
2736,DJOutten
2737,horniestlobster
2738,cejaabi
2739,GaHeartof
2740,YPostseason
2741,ThePhifthQ
2742,EstevanC530
2743,LauraLaVertu
2744,McSkippa
2745,loganthegamr
2746,NeishaRubix3
2747,JBartilomo
2748,Rod78J
2749,fightgray
2750,TheWorldnews143
2751,_Didagoes
2752,JorgeJorge2374
2753,TMoneyFoReaaal
2754,tylerperkinsxo
2755,itsmewhiteman
2756,KojoBeast
2757,flyingeze
2758,LoveAlwaysKris
2759,SameiaKendall
2760,deeringsoccer
2761,AYNZINHO
2762,morethanmangu
2763,Tuakachyc
2764,Dan34gray
2765,SharLannette
2766,JayAye0h
2767,lisotobias
2768,itstams_
2769,PaulGeo15929450
2770,rayan97966668
2771,CathyLerman
2772,iwalkwithelias
2773,jackman_nick69
2774,CalDumbell
2775,HeitorJos12
2776,TedderRM
2777,pizzatanktopbro
2778,kiarangelique
2779,thiswomanswords
2780,AlexCanPlay
2781,pornburgerr
2782,LilTifff
2783,Kingpaullo
2784,StayReal_Kid
2785,casonkenny1
2786,EstateVince
2787,jugol_m
2788,NofriHaiku
2789,LuckyLuciano430
2790,RealFoxD
2791,Mason22090716
2792,schnikkerdoodle
2793,RyanJatho
2794,KingWarren3rd
2795,Ashlaaaaaayyy
2796,BlueWav85416855
2797,broderickkk
2798,getinmylexus
2799,RitRit__
2800,damion_dixon_
2801,gambrkr8
2802,MaxitoElMaje
2803,DearJayyy_
2804,ATLSportsNut_20
2805,Mimi_Baby33
2806,gar_d3nia
2807,Varunzzzzzz
2808,cummbaba
2809,Paola__Ornelas
2810,olyan40
2811,boobieknievel
2812,Sinindesigner
2813,mpallasNYJ
2814,TIMxMACK
2815,BlessedJalenYT
2816,PittsburghPG
2817,staymelo_
2818,KiWillans
2819,crvgsatri
2820,jhpacheco10
2821,thatdudeTron
2822,_chabedoll
2823,cschnoeb
2824,RobertCraverIII
2825,drudge_tweeter
2826,Univision19
2827,VILLANUEVA_24
2828,chollywoodtube
2829,Z2xNagasaki
2830,evanknox803
2831,chonco_deya
2832,nevaslippin92
2833,HawksARG
2834,NicoleC22416235
2835,cncoscoronel
2836,shaunak_mishra
2837,excitebikee
2838,WinSportsTV
2839,NBALatam
2840,CuradasVE
2841,TUDNMEX
2842,diario24horas
2843,AprilGBabi
2844,ritalaranjeira
2845,Tasancho3232
2846,FlashHayer
2847,LakersExpress_
2848,eliperry5
2849,CNNNewsource
2850,aalexvanessa
2851,_ShonnDonn
2852,CandelAlexander
2853,CBrownATL
2854,KobeKehoe
2855,novosomsalvador
2856,UpdateDuke
2857,AarshT96
2858,vcbarbie
2859,WTFisSpoony
2860,YaadiBwoy
2861,katmansandhu
2862,Eli2rare
2863,LuiisLeonJr
2864,NinoBeChiefn
2865,evie_FSU1
2866,mboesch44
2867,AStudentOfLife_
2868,Quinnton_Bent
2869,iMMortal_SzN
2870,jessicangulo
2871,Gary_GarciaJr
2872,EricLyonsTV
2873,LawsonRashied
2874,GuidoNiza
2875,CoolGuyRelly
2876,scottyj2014
2877,JGrossweiner
2878,PhillyFreck215
2879,OficialSala12
2880,Rodfather__
2881,Magenbuu
2882,WarriorShaun
2883,swaggypea241
2884,Giuse_I_Tweet
2885,SwishFutbol
2886,_BossQuon
2887,eric_babbitt5
2888,TrueDBlue_Kobe2
2889,geeceedakidd
2890,catarinagnvs
2891,AriannaCabrer18
2892,nicolelnunes_
2893,vazquezfilms
2894,ELSOLDELSUR7
2895,NASVA_V
2896,ivo_pedro_lemos
2897,_chxzzyy
2898,vuego21
2899,BabySistaSha
2900,BETNews
2901,notminsugafree
2902,Tahoe17
2903,AliefBlu
2904,PrinceJ_17
2905,Jtowns_23
2906,Almighty_ASVP2
2907,jblackfromthet1
2908,kelllyphillips
2909,IAmJessyCruz
2910,ChillKillCrizz
2911,StutterboxMusic
2912,_JoshBishop
2913,Staso_7
2914,_wndell
2915,IXIVMM
2916,iamwaxwonder
2917,WomanInformed
2918,chaz2424_
2919,VistaLA
2920,neszoe
2921,luigisccp
2922,_RavenMichelle_
2923,KatVonLeuschner
2924,IsThatACorndog
2925,SlaveJo12327483
2926,jkmjerry
2927,elllabella
2928,MphatsweGomotso
2929,felipemuniz1809
2930,SouthernLady328
2931,JoshMorris33333
2932,AZAlistair
2933,ShotoutO
2934,yurfvrthooper
2935,Joty95_
2936,R13electraytb
2937,bladearthur
2938,jocelinesass
2939,Hervvee
2940,J__maine
2941,Gemini481970
2942,fer_brambilla
2943,Xradee
2944,TruckerjoeR
2945,joe_espy
2946,Stav_Shipp_Pod
2947,msquito09
2948,_LadyReCharles
2949,JessikaJamess
2950,pgconrad
2951,ChrisRichardsPD
2952,AJontheguitar
2953,ChuckThibideau
2954,HunchoDream
2955,Mario_reynaa
2956,YaBoiMadden
2957,Nellyjr80
2958,atiineo
2959,theoraclebeats
2960,luisalisferrer
2961,HenryBrott
2962,Chad24William
2963,mentnelson
2964,Tori_Philly4
2965,squizzy1313
2966,SaucyKPJ
2967,Nortagemm
2968,AthianLopez
2969,diggler63
2970,Robert_Tyler7
2971,Smileysgirl97
2972,mterry103
2973,wearemobilise
2974,Jakeeeeyy3
2975,_cheeks4Weeks_
2976,Papi_Chulo90
2977,LordDeerM8
2978,GirlShmitty
2979,badatposts
2980,Jon_Phenomenon
2981,Marco2746
2982,J_Shwahh
2983,InfoManu
2984,NielsenChrissi
2985,TXSTCHEER
2986,nataliesanchhez
2987,Ms_Honeyy
2988,browley_larry
2989,user63115
2990,auNaturelleAnn
2991,lindylarson
2992,kjevonchambers
2993,urfavmenaldi
2994,MariannaAlfa
2995,RosteyGabriel
2996,ShogunFlow
2997,Brzy6Baby
2998,nieves1316
2999,henlooee
3000,___WeirdAssZarr
3001,Complex
3002,ailujharris
3003,thisissharrieff
3004,lioneldinhoizii
3005,sinicalone
3006,MeredithChand19
3007,Kobe__Forever
3008,fantasyFFFreak
3009,ThePrivateStock
3010,xthemoviex
3011,Alohllani
3012,KingTaharqua
3013,HarrisonThaylen
3014,odioapancho
3015,pvnkpearls___
3016,PulpNews
3017,Breanna_Natalia
3018,BitchMgng
3019,JoseQ215
3020,BarbWCG
3021,dovevalley
3022,aiwgom
3023,CodyScotch
3024,ashtonmickeal
3025,nicollas_br22
3026,MagalieRivera5
3027,hunnidbandtori
3028,KGj24
3029,ToddPac
3030,jaeElisabeth
3031,JohnBwoi
3032,Yusufalix
3033,damekayla
3034,STARINDABEAN
3035,_fatboyfredo
3036,Joe_Phelix23
3037,LivcurrieX
3038,_justjoshinya
3039,VortexBrito
3040,poveda_camiiloo
3041,bhpsaiii
3042,dudalvesmoreira
3043,reesemann61
3044,hellooooclarice
3045,JoshGorsuch
3046,AnarchoDave
3047,Ultralakers7
3048,hydrothemc
3049,Mscowboy22
3050,ohnatally
3051,dreed69ou812
3052,Rusmokin
3053,VictoriaOkeefee
3054,_LuYando_
3055,mtrctyman_Geo
3056,itsnotapril
3057,Haruto24Kobe
3058,BamTheGOAT13
3059,_YoYus
3060,J_Bulanda
3061,Apostleg180
3062,gnarlyassjay
3063,CRAVECARSON
3064,retrojasxn
3065,CaitlynnCannon
3066,ahdacious
3067,RamanKris2
3068,eloiclngn
3069,saraareneee
3070,shaunGstyles
3071,JonnyLeTran6
3072,nkp__
3073,Sesa_Opas
3074,jamesemigh
3075,SoftlyStunning
3076,uselesstinsel
3077,Chief_Eph
3078,MacworldPop
3079,KonstantinosQ
3080,TDottttttttt
3081,Shredded2DaCore
3082,Be2Sports
3083,MichaelCurlione
3084,YahirM_12
3085,shelovesming
3086,ElishaNYC
3087,MyKickksRockin
3088,JLHowell_
3089,ellinnetsixela1
3090,Ramos_gstv
3091,ChristineDeSab2
3092,LAX_CAL
3093,Rawthentikkk
3094,NateMBeltran
3095,YouCedwhat
3096,jennyyrodd
3097,IvanGotSussd
3098,Markitos786
3099,alviraaxfawad
3100,AustinChambers0
3101,CharlesJLewis6
3102,TyreeC_
3103,MonteOzAfrica
3104,Sydwidxo
3105,jmilinovich
3106,LadyJoii
3107,Whaboutbob
3108,DashaLeeann_
3109,DAMAGE180
3110,TheRealDeclanR
3111,ENH_Deportes
3112,iILMeeL
3113,srfrench93
3114,shenelcorong
3115,DaDaChaCha3000
3116,jarmsdc
3117,khanyemiddleast
3118,Shalabeya555
3119,baltazarjunior8
3120,That_guyLevar
3121,BigTigerSports_
3122,K_COole
3123,DarrenBlowe
3124,funinthelibrary
3125,wavy_a_3x
3126,Erikepoppa71
3127,80sbabeeAngel
3128,dasdivo
3129,dondodaaa
3130,filipe_lisboa_
3131,TammyAbraham9i
3132,BorbonioNery
3133,Jr_Huncho1
3134,BigKuw0p
3135,papibooks
3136,ESPNagora
3137,Bryant24Kobe2
3138,Famous_John2
3139,HuckleberryBull
3140,TereanceJay
3141,Roadrunnerjuju
3142,RobsonMaximo
3143,skeetusjr
3144,FarquharSpencer
3145,Eric_Pallotto
3146,denlymorisset
3147,BerMEWdez728
3148,JoseCardenas1
3149,JamesSkeldon
3150,Megancarrigan6
3151,kassyvillamonte
3152,mertooooop
3153,AtkinsCorn
3154,MarloDeMore
3155,iamwellz
3156,HateTheseFools
3157,garcivv
3158,mimaixe
3159,GregUcapp
3160,BossGlossMarlee
3161,mikey_hv
3162,ArchieBrydon1
3163,NoJeMo
3164,nicotine691
3165,OfcGerman
3166,BradyKlopferNBA
3167,Raddslime2x
3168,westsidejeb
3169,CarmenDeFalco
3170,UpTopAhki
3171,tzap00
3172,PabloAlberola
3173,yoda
3174,PartagasN
3175,EdwardOsorioR
3176,JuFran_30
3177,ABSCBNNews
3178,HeGetToIt
3179,pablo06975423
3180,nytmedia
3181,__TSSW__
3182,SadWinterSoul
3183,captivecase
3184,_Chris2308
3185,PeterMangione6
3186,Nate_sports18
3187,s0__fetch
3188,arnoang
3189,CardosoBfr13
3190,NikolARG_15
3191,keshinmiamor
3192,kimbuurlyy
3193,b_jmacmichigan
3194,gaz_PFWRTS
3195,Taddlig1
3196,iwontchill
3197,anthonyypereez
3198,thealexwolfe
3199,desireemotola
3200,JFilibertoCR
3201,Corboboy
3202,guruqueiroz
3203,Str8__Snag
3204,EduNFL
3205,TheBrianGrimes
3206,LiberianGirlPYT
3207,Brittney_Luhv
3208,LegendOfWinning
3209,NESTERJR
3210,royeezarum
3211,Jus_FollowMee
3212,pennysents
3213,FeverScoreboard
3214,SpideyLean
3215,bgdad67
3216,_JR803_
3217,Yanks_Lisa
3218,TilghmanM
3219,BARACK_08BAMA
3220,StilezC
3221,DaaaArce
3222,FDiaz95
3223,Irokxx
3224,nestorgarcia070
3225,pugreen1
3226,JohnJen1017
3227,Crying_Babe_
3228,alexjalapeno_
3229,ValorousRacer98
3230,gatorhead1013
3231,banezza_
3232,agezweho
3233,reformacancha
3234,lilsusuvert
3235,EdgarG_14
3236,danborrello
3237,Italia_Notizie
3238,kerncarter
3239,Sharoniscarin97
3240,C_TengoEl_Juice
3241,ABaskerville10
3242,NvrBiasWrecked
3243,adil_imam28
3244,ChrisMcMahan20
3245,NickdelaTorreGC
3246,TonyDOrtega
3247,MrsIvyStorm
3248,Timi_093
3249,Backfir54797809
3250,Blackie805
3251,habzofficial
3252,MplusG5
3253,jsrvnge
3254,MissWhit83
3255,oneswaggyboi
3256,Cbasss5
3257,Rachel24660779
3258,laytonk75
3259,Gala59938368
3260,goropls
3261,king__hampton
3262,DaveLieber
3263,45_rollerman
3264,iamjameal_cpt
3265,Sasko_S
3266,TheFirstSmoove
3267,koerapeize
3268,Pomale55
3269,24KobeBean
3270,macky3_s
3271,_rosabronze
3272,Hal_L96
3273,_sejordan
3274,big_marmar
3275,syc470
3276,lmw_jr
3277,Bruceleeroi7
3278,KOBE_Souchan
3279,fnts08
3280,GreenwichTime
3281,LongRodd_
3282,HarjivS
3283,thetracybelle
3284,JayTooTimes
3285,wes_donnelly13
3286,the_based_mint
3287,HcrdcoreCountry
3288,Evanl_3
3289,TAGBP
3290,chechelafa
3291,ikkegoemikke
3292,abrilmarinc
3293,LukeMoore26
3294,smileybabiboo
3295,XimoTheGoat
3296,onyamami
3297,22angelofdeath
3298,fedelin_daniel
3299,2ChillFor_theBS
3300,kobe_marsh
3301,sekots_mollah
3302,VViIIiams
3303,blizzblockglizz
3304,slumptronnie
3305,Mr_pacpac
3306,Kristin_MD
3307,3_michael_
3308,TruDatself
3309,_Janyel
3310,FOASPORTS
3311,RachetRidaz
3312,citazenx
3313,Joeanthony_nyc
3314,huhwhite
3315,pierrebryant24
3316,___danielle_xo
3317,KbSetz
3318,TateSince87
3319,kiknmyflav
3320,brotherfraud
3321,_amandawiechert
3322,CillerOrnelas19
3323,hoanggry
3324,TakoriLuv
3325,EveryBrokenWave
3326,rjbarrettismo
3327,DamnPapi__
3328,UanmortaimOk
3329,SusanCa69554759
3330,benjaminpeton
3331,joshrichards182
3332,walangpasokfile
3333,i_Tyrese
3334,CalForceOne
3335,yiannidiamantis
3336,techhonors
3337,yayknee23
3338,matt_dylannn
3339,daniel_kostic23
3340,coachrwest
3341,griseIdamus
3342,Byron_Mobley
3343,MillerCharlie23
3344,PatsDynasty_12_
3345,miszchief
3346,LightAsiiDJ
3347,Zeid3n
3348,BazleyFanClub
3349,JACKBLAC69
3350,RobTeixera
3351,seankhatibi
3352,_carlvinl
3353,npa222
3354,jus_rik
3355,And_Porter
3356,Blakfire40
3357,thatsmydriver
3358,MimiArriaga
3359,emonitrinity
3360,KLTV7
3361,ErosAlexandros
3362,12horasver
3363,decer02
3364,Mary_Jane42088
3365,HeyImKevinSully
3366,Keismpr
3367,kingsofthespore
3368,kobe08110
3369,DylanBryanC_
3370,kfxkfox51
3371,ramsayalmighty
3372,May7ven
3373,slim8504
3374,jaydee_50
3375,SpikeEskin
3376,OptomechanicalR
3377,tyler_kreutzer
3378,pmcg
3379,kobe30164318
3380,BrevinMeyers
3381,MelanieWdwrth
3382,animevisuaI
3383,Jona_Ramirez11
3384,_SamanthaRoseee
3385,yaknm44
3386,FATHER_CLEF
3387,LxMrtnAdriano
3388,MrUram
3389,BronxprodigyzZz
3390,WeezieEsq
3391,xsummerbrown
3392,elisej189
3393,Michael_Super15
3394,maddenrau8ch
3395,aheroamongmen
3396,Sara_Cardonaa
3397,DaRealTriggaTre
3398,smileevalovesu
3399,thisisscratchy
3400,msriojas
3401,lvingteen
3402,IREESHA
3403,sjnard
3404,stz107
3405,goatjay03
3406,LeMJBetter
3407,kyleledbetter12
3408,IsiahaSaid
3409,DavidDerice
3410,Doran_AE
3411,xogunna
3412,Levon_Gh
3413,babjitsingh0
3414,CarullaJershon
3415,SportsManorPod
3416,MagazineSEMX
3417,vickyjackson992
3418,sir_zaman
3419,Britt_Ankeny
3420,HonduSports_hn
3421,skd215
3422,blue_jeep
3423,PlayActionUS
3424,connor_bond2
3425,frecheline
3426,Jerryb_82
3427,DerekMa18723276
3428,TruthToLight15
3429,Hajankim1
3430,310Diva365
3431,lyndseyhudson6
3432,TNicks5
3433,suicidebytweet
3434,josejr67
3435,sstephen17
3436,simran_dhunna
3437,LaLey_01
3438,StarTarrant
3439,David_A_Fischer
3440,queen_khalifia
3441,youngbobcuevas
3442,paige_mckayla
3443,quiqueegiraldz
3444,TroyArmstrong16
3445,carimvs
3446,chelaaabella24
3447,34Carl34
3448,GreenRoomInside
3449,Hbuik23
3450,MPihuas
3451,D4vidGP_
3452,_alexnbn
3453,ardzj_
3454,a_ranking_news
3455,V_DRN
3456,MiNaB0O
3457,foodsiefann
3458,KeyDinnerClub
3459,Royrogue25
3460,D_Bowman10
3461,BAMN89
3462,RehaSingh241
3463,V_Low24
3464,layajospe
3465,kndrxxtm
3466,angelin76406175
3467,Secnarfelle2
3468,BlkFrankWhite1
3469,RichVolk1
3470,ChaoticHellcat
3471,carpathianews
3472,PriiLifeNStayUp
3473,_ahmdaizat
3474,kvng__j__
3475,MKeorhadjian45
3476,EricJose22
3477,themanbryant
3478,someLAshxt
3479,lunaalillyy
3480,jaytwade
3481,muleman75
3482,heenim87890167
3483,F1del_Cashfl0w
3484,_1MoneyMitch
3485,othapharaoh
3486,gerard_f15
3487,Elizabethmerry6
3488,Emmy17370727
3489,YaboiEric_
3490,Ruegram_
3491,Habino_
3492,RollingStoneRan
3493,UCTVSports
3494,eazy_esp
3495,raygootz
3496,be_kobe2019
3497,mr_balty
3498,DTP_DRIP
3499,SamHavoc_
3500,1FLGSavo
3501,S0xKrispy
3502,shoutkobesplash
3503,henuseey
3504,_FuckUToo_
3505,EnifSb
3506,KBake5
3507,AyeBoosie
3508,joshiswashed
3509,Richard_Yumang
3510,prettymii_
3511,yukizerotredici
3512,PaulZiem
3513,benmallam
3514,SayMuffin
3515,julienthegoat
3516,caitlinstreit1
3517,PattyGeorge36
3518,it_layman
3519,vulgorisada
3520,Longoria_Tyler
3521,ImKobeBitch
3522,Carie5561
3523,Tinkiefbaby
3524,ChantaPayne_
3525,caioneves0
3526,wmninmvmt
3527,ChrisDemirdjian
3528,DiorDaaay
3529,cloudsinmycafe3
3530,RIP_Tete
3531,ZachKleinWSB
3532,NupeSauce
3533,robertb30581
3534,ArtyDinero
3535,yun1k0rn
3536,_reispfc
3537,Its_EasyJ
3538,OpeYeemiii
3539,sdell187
3540,JackoXF
3541,garethion
3542,ShreeTwentyTwo
3543,JessieJ34754033
3544,BulChill
3545,impreshionanti
3546,bocoranmaster
3547,JeanMoorjani
3548,pancho985
3549,TracyFay2012
3550,TORIEAN_LARSINY
3551,_BeEnlightened_
3552,3BelowZero
3553,Trruu_
3554,Pedrodealba_09
3555,CD6Nury
3556,john_lemon23
3557,JrFireKing1
3558,Brandon06175893
3559,futpicante
3560,tcole601
3561,slimkidificati
3562,julianlozada413
3563,_DexTheKid_
3564,CruzinNYC
3565,kthegoddesss
3566,who_mike_jones
3567,Jvzmnqcrvnts
3568,junwtnbgkn
3569,Osheaa92
3570,manuelelotro
3571,RikKanyeWest
3572,cjz87
3573,ParishMamba
3574,pitt_sba
3575,itsbeckybexx
3576,FunkyChild_
3577,Green_arrow1235
3578,buzzedlakerfan
3579,NajeraCristi
3580,Bobbyramos39
3581,AlmightyChinoo
3582,Meance2_society
3583,nbariver
3584,cesarbetancur
3585,jstrtengco_
3586,HeatherOnAir
3587,cudi152_
3588,Ceas702
3589,Galangbrent1
3590,Aliciana__
3591,jrdesigns843
3592,Sad_PanthersFan
3593,JOSEPHMPHANLEY
3594,rudolphgl
3595,FastlifeDiNero_
3596,rawkblock
3597,donnamarymason
3598,wh0isjonas
3599,USMale7
3600,DaKidGowie
3601,plumpydubby24
3602,richjenkinsinc
3603,SmokayyDaBearr
3604,lilmissbinks97
3605,vardon11
3606,kim_ricamara
3607,JesseRo55253825
3608,adelgado004
3609,MatiasGarza4
3610,realchrisgunter
3611,KTREnews
3612,bexican
3613,Tyler_Steak
3614,HelenHewright
3615,KETK
3616,Pres_890
3617,SanoGasana
3618,breakingnewsit
3619,ba11ah
3620,MrTMoney1993
3621,RoyWilliamsJr
3622,TeamCMPunk
3623,MariaA2468
3624,RollyPK
3625,OoArOn
3626,lovelymegannn_
3627,rdew925
3628,ChellyTheMC
3629,siarandepok
3630,scottvanroekel
3631,AntFromCA
3632,velosoo_35
3633,TheKuehlPodcast
3634,ClaudiaAsecas98
3635,boogiemantaguig
3636,TheMikeAnvil
3637,sexxiegurl01
3638,DianeBusch10
3639,CeeEllDee_
3640,Forrester_1031
3641,jayorozco55
3642,meetyouthere20
3643,JrgonzLaw
3644,Dcskin21
3645,ShugSlavery
3646,GDHadji
3647,findingH3R
3648,zalare_reza
3649,chelsea_Ohhey
3650,Gavito262
3651,brucelowkey
3652,BarDown
3653,NotFrankFlores
3654,jo4kasey
3655,mynameiselium
3656,tthomas30
3657,ThallesMorreu
3658,NBATV
3659,isaiah_McN
3660,Zbabbyy
3661,SlatkaMalaaa_97
3662,huckleberryfick
3663,AlvinYork16
3664,abhijeetreads
3665,jeremie__nk
3666,Woke56_
3667,HeresKylie
3668,Alkapone47
3669,bigdavis813
3670,Du_ragsToRiches
3671,Woburn_Brad
3672,Mrclassic215
3673,SiloSara
3674,AussiePI
3675,Royal_Heat
3676,_sxynoksi
3677,EdwardLister
3678,ZMasukat
3679,honeyimhome0
3680,23Tommy24
3681,NBACrouse
3682,_HiltonMob
3683,GraceHenley8
3684,MessiahX5
3685,Jul-23
3686,zyr_Gran
3687,creoletee
3688,Flightingale
3689,yiccle
3690,KeetYaboi
3691,ndf_freestyle
3692,fishhavetesties
3693,codigoveracruz
3694,TrainerSteve1
3695,ShamefulRight
3696,Jacktschwarz
3697,tatorez
3698,Oliveira__19
3699,_danibaz
3700,SoyElProPapu2
3701,IZEOKAMI
3702,rafapg
3703,itsfabuliss
3704,DRVS68027558
3705,AudelDelToro
3706,wenmel1
3707,MattHindes
3708,BraxThunder_
3709,henriqueruppel
3710,quaysterrr
3711,LaOpinionLA
3712,p_raww1
3713,LocFlaccaLee
3714,itzsnizzy
3715,perry_hughes
3716,DebsFortal
3717,Quelah4
3718,OfDrone2020
3719,Fan_Disher
3720,_hellomojo
3721,OwenGanstermob
3722,FMGhost09
3723,TrasiStarr
3724,tbrad0415
3725,slimdeezy28
3726,JBFletcher10
3727,JuaniBasterra
3728,Thickkumms1
3729,mpaul1956
3730,jennifermyers12
3731,Andret729
3732,_arodkobe_
3733,_hotsauceee
3734,David_W_Rose
3735,IanJamalGM
3736,jugginjamar
3737,kwabinana_osei
3738,Y0UNG_DINER0
3739,ChezDJo_
3740,Swaggy4xs
3741,priyamanntv
3742,MaxWinitzWNKY
3743,DylanMi98307388
3744,iSeeU_SMiTTy311
3745,Crissy1953
3746,NBA_ALLSTAR_967
3747,TEXT09659871
3748,ChicaNBA
3749,FBTM_HQ
3750,ACMilanfannclub
3751,MadessaDawn
3752,NAOlympicTeam
3753,vxelj
3754,Seth_Milller
3755,fraterruzzi
3756,IanWVTM13
3757,desmondkiller
3758,Lakers_newsnow
3759,VonYo_02
3760,the_carguyGM
3761,KrizCAyala
3762,guardia72014383
3763,JMBossert1
3764,DavidGonza35
3765,scottaferguson1
3766,ChanyeolHobiUWU
3767,WillJahn
3768,VicHellion
3769,BlackKingBreezy
3770,darlngal
3771,delvin_cox
3772,eljuancho69
3773,guilhermemelo_
3774,CNNIndonesia
3775,rachel_fenger
3776,DxpeSB
3777,risingstar104
3778,dirty_dane
3779,terrance1025
3780,D3_welly
3781,JakeRowoldt
3782,_javierenrique_
3783,aedwardd68
3784,itssao
3785,mxrzaaa
3786,EvynErbst23
3787,DaoKenny
3788,swampG28
3789,masahiro3160
3790,skyaintshityet
3791,Canaya_25
3792,Shmevis
3793,A_zmom
3794,GoofGambler
3795,RolltheRoyce
3796,stocksrising
3797,RICANCRACK
3798,69Sports
3799,xxxxCZarxxxx
3800,TekedaF
3801,msnlatino
3802,MSN_Portugal
3803,onebvllion
3804,iMaGiNeprints
3805,MonkeyDAzooz
3806,OaklandIsland
3807,2Lazy4Names
3808,JohnDiSalle
3809,abdu6547
3810,MrJudi16
3811,caramelnia
3812,ayudaracrecer
3813,TakeBackStrong
3814,prensagrafica
3815,nicole_stone13
3816,alnove41
3817,FeministEmiIy
3818,keith_vartanian
3819,17_xcx
3820,HamlinFanatic11
3821,Jacomazing
3822,Jordaninm0tion
3823,omantoni1
3824,kurun_kobe
3825,harith17589197
3826,MelissaMusgrav3
3827,reems_l
3828,carlcordova3
3829,Yann_Dulcet
3830,Stylesstunna
3831,DiarioPrimicia
3832,simpletaxcpa
3833,BrettGunna
3834,vekanotveka
3835,yoursforever41
3836,broke_n_hungry
3837,Chandle80448759
3838,JarretwithtwoTs
3839,GodspeedKobe24
3840,philpapi_
3841,PRPUSHA
3842,BerretteContact
3843,ELDOLLAZ
3844,OneNOnlyDC
3845,EaglesFGSN
3846,GabrielPescaxD
3847,Pepomar1986
3848,KorverBetter
3849,CelticzSZN
3850,Alvarolaker
3851,GenovaOn
3852,JeffAsh23
3853,alkanterah
3854,kingkobae
3855,raydonovannyc
3856,Amethystra80
3857,fearofroya
3858,coolsandy8800
3859,Ryhemian
3860,m_cane111
3861,Jean28387727
3862,BONJOVI81079247
3863,RobertSParis1
3864,DonnieHoward2
3865,J0rdan_38
3866,Shankiesha
3867,LaCrapule9
3868,Smpo82
3869,margymarg___
3870,maryvasc1
3871,MayaHuyana
3872,millylulucita
3873,ceolaclacb
3874,jin_is_tired
3875,yeetgodmcnecka6
3876,blktarheel24
3877,poweroftheimage
3878,AlbertoRodNews
3879,ThisIsChinooo
3880,GymmyButler
3881,julianrojas1216
3882,seesawyongi
3883,ThiagoDaoud
3884,downrivergod
3885,rikejcs
3886,RisssaRenaee
3887,OnDatOva
3888,bethoknee
3889,BrianVsWorld
3890,kassdz
3891,NioRo1
3892,ib505a
3893,ebethyg12
3894,SonoraDaily
3895,PissinOnYourEgo
3896,GrunionGazette
3897,HHTN_ACE
3898,Is_Just_A_Guy
3899,TonyaRoberts729
3900,KoreanSum
3901,kalbengg
3902,laurenhaha
3903,19PhatEyez74
3904,blacck__
3905,macintoshmoon
3906,diarioas
3907,physicsmom1
3908,Amilcarbayron
3909,SeektoSee23
3910,xoxo_krissi
3911,infoitsport
3912,BreechFN
3913,manianca
3914,JaaayBabey
3915,LoboRoupa
3916,1117JYH
3917,SkipTheAngryman
3918,Original_Garcia
3919,aIchmy
3920,allmanix
3921,uohiuz
3922,IamLydaleHoe
3923,Nia_0_1
3924,suhail04740481
3925,porra_carlus
3926,kingsodomiteVI
3927,dilloncomplime3
3928,JonesHealed2000
3929,Sinsane_Doll
3930,jxdedcoco
3931,AliRedmain
3932,TashiBomaye
3933,gary92748327
3934,979TheBox
3935,Papii_the_tank
3936,Derzahs
3937,bartsowealthy
3938,J0EDEEP
3939,Ihatedaron
3940,roderick_thorn7
3941,kalebpowerss
3942,2020NBAChamps
3943,finesznpt2
3944,IQtheReal
3945,alessiacaceress
3946,cxluvds
3947,steve_galan
3948,effmojo
3949,Greg960722
3950,Rndsome_
3951,RealSumeetPatel
3952,laurenlizcarter
3953,ced_o_matic
3954,_julio1k
3955,A3MSinGasolina
3956,TriguerosEddie
3957,yvettsta
3958,dcexaminer
3959,endlicheri244x
3960,ollinger69
3961,Molocolo
3962,MndiLge
3963,arieshoopz
3964,ranmael
3965,Mlq_Pavanni
3966,ansocialagency
3967,1395FIVEaa
3968,The1inaMillion
3969,KannaMemelord
3970,SaquonsWRLD
3971,OptimusDale
3972,apanks22
3973,LegalHerbalist
3974,septimaentrada_
3975,majjaimes
3976,qboykin803
3977,_ReggieG_
3978,clout_chungha
3979,dannysc305
3980,OneNdOnlyTi
3981,merethegod
3982,DevonFrame3
3983,deboqotr
3984,wyeessoserious
3985,kynoebi
3986,RUTASINALOA
3987,12NG1
3988,babylyn10041
3989,GSWarriorsLATAM
3990,domgab191
3991,FurEverFit
3992,T13Dmoney
3993,Thegift510
3994,BN9
3995,BruhhMan1
3996,myleshiggins
3997,TonyMarano6
3998,RyaanYouKnow
3999,Mikel_4532
4000,DariGottaSpeak
4001,ellejazmeyne
4002,tdsd_
4003,MyNews13
4004,wqad
4005,BennyBoy005
4006,timcollie15
4007,YahBoobays
4008,JustinTMichael
4009,iHeartAmnesia
4010,infobae
4011,MKT594
4012,Star2fireDenise
4013,fmcladeras
4014,allthingsmrvl
4015,DeMovinOnUp_MB
4016,Italiajin21
4017,AlexMalcar
4018,JeffLee913
4019,ynhagopow
4020,Michael57598599
4021,imjdsharp
4022,OrigamiSwann
4023,Melligan716
4024,SourwolfMaddie
4025,LTMB_KIRKO
4026,lauthentic
4027,OnofreFitaRuiz
4028,718_NELL
4029,davidwcrosby
4030,WarrenDesmond
4031,ariannahazel
4032,MDLI34
4033,wjss13
4034,MrIndeed4
4035,BoBobbierica
4036,brayan_nzg
4037,CallonJo_
4038,Ganya__
4039,pmets44
4040,Pkrboss1
4041,1RISING_KING
4042,Will_Huang93
4043,BesterTaleesha
4044,krixtmarie
4045,valdezesqueda
4046,paddygough
4047,leejinha
4048,MommaMe8
4049,valenough
4050,JacobNBrown1992
4051,NickyDs96
4052,Jared_Kimber
4053,_ViuvodoKobe
4054,Juniorsaintz_
4055,thejasminebrand
4056,Tisoufriiiiiii
4057,_CapoDeiCapi
4058,elenab_flores
4059,abbielives
4060,vape_tai_kobe
4061,sandropacheco71
4062,IrazolaZigor
4063,cjack_37
4064,KodyTatlock
4065,Boujeemon
4066,mooshortie
4067,smith_valence
4068,KarlaNa24720319
4069,Shaq_Hill
4070,vonnadhadonn_11
4071,AbiagylPerez
4072,BritneyAnnaKay1
4073,FrankieAragon1
4074,a_cugini44
4075,mingomojo
4076,Guenshaina1
4077,Uricooky1
4078,MsKittyBabygurl
4079,Taeflo22
4080,_malaaay
4081,LoudestThoughts
4082,FaMN113
4083,Fufufidius
4084,0x1231
4085,BeBe90
4086,theappeal
4087,noticiaminutobr
4088,demon2031_2nd
4089,joonielover25
4090,BHAZZMUSIC
4091,Rachell_Baby
4092,Redwink93_
4093,uzielgarcia72
4094,vrylonelymarc
4095,JohnnyBorikua
4096,sndwrm
4097,Alpunchoo
4098,Brad24kobe
4099,jack526272
4100,nickdip12
4101,DaundreS
4102,Clayton_junior2
4103,M1A1R1F
4104,PolosNKicks
4105,Martalicious
4106,andrebarona
4107,owenrumney
4108,simplykatricia
4109,Travonne
4110,cnbm12
4111,FresnoBee
4112,rexgeist
4113,PVL1D0_
4114,RealJuniorV
4115,rzvillanueva
4116,JakobiMeyers
4117,carsonmbrown7
4118,JustinHicks9
4119,maxiprz
4120,scdgng
4121,DaFlyestBaby
4122,Texasballer28
4123,charlieisho
4124,RJDiff
4125,Q2theG
4126,Tdot_Tibo
4127,gr_kobe
4128,mark8118
4129,SaaaniBooo
4130,SEisbergWCIV
4131,VYoungin88
4132,AlbastiT
4133,TheRealMarkCM
4134,LLCFertco
4135,24MoonMan
4136,jostinsoto
4137,Nickdobson1
4138,stephensabas
4139,JCraigKY
4140,ACSSPOTLIGHT95
4141,spenceriforbes
4142,DontAsking
4143,MigueI2099
4144,Ldiddy_
4145,RyanWUnderlin
4146,da_zin_guy
4147,notjournellp
4148,xDripp_
4149,spj_tweets
4150,mcchrisca
4151,GoldenSt8Dubs
4152,FasesinD
4153,DJHernandezLaw
4154,pedrotheboy66x
4155,Caleb_Mezzy
4156,zvcxn_ink
4157,chloelayal
4158,Mkbrandd
4159,Plan__J
4160,969thegame
4161,armybli04734486
4162,Fuckhhyype
4163,_condinopmay
4164,AngelaSterritt
4165,ok_xander5
4166,radiohofbasket
4167,msnikavb
4168,5shadd
4169,DeportesTVC
4170,hornets
4171,sebasM9627
4172,elpais_america
4173,K3vN_B
4174,chrono60637
4175,DeportesEntorno
4176,whosain_
4177,rockdahows
4178,trinadafilipina
4179,twannyjames
4180,rockos_worldd
4181,ShowtimeForum
4182,NiqiBaby
4183,AdamBayBoy
4184,TomMoorePhilly
4185,ricahcas_
4186,devthagawd98
4187,Samuel_Prieto
4188,ChekyDelinquent
4189,Forbes
4190,blesssuppp11
4191,awskarito_
4192,AdvideMadeIt
4193,oj_arbolario
4194,amxrcxn0
4195,Tigerfists88
4196,HelloNewsSite
4197,d_ast777
4198,B96NOYAN
4199,JordanGotBan
4200,6abc
4201,barstoolsports
4202,LaRedPuntoCom
4203,RevistaForbesRD
4204,10deportivo
4205,fox32news
4206,WDRBNews
4207,filmdenkare
4208,7News
4209,TUDNUSA
4210,1013TheGame
4211,PanamaAmerica
4212,Forbes_CA
4213,nlmbjxy
4214,Francojj422
4215,OnEarth_God
4216,otgbasketball
4217,gaje_almin
4218,nizzleeni
4219,mike_cdl
4220,D_Ellis17
4221,siva217
4222,ivanncrisologo
4223,kater16123
4224,MattWilliams49
4225,ShelbayTyler
4226,William76617673
4227,kobe2odom8
4228,qmprt
4229,davidfalkenste2
4230,asvpxofc
4231,CMMucc
4232,NDBS66472196
4233,By_NathanBrown
4234,ATLanklebreaker
4235,cathi17155670
4236,SkandalouzDon
4237,TALK1370
4238,15Ricas
4239,kuwastani
4240,theAFAUSTshow
4241,jon_canete
4242,diofnani
4243,vjdeus
4244,martinpinnau
4245,kikileesi_
4246,tyflyguy_
4247,Dp3rez8
4248,jtshaw_64
4249,LieStronger
4250,mzoptimizm
4251,StephenTsai
4252,therealkorven
4253,KarenNemzer
4254,jelielxmyles
4255,_TerryBoi
4256,Pako86912513
4257,BearsAreAss
4258,avmrgrttvsqz
4259,HuskerExtraCB
4260,SouthernJessWWE
4261,NicksJerome
4262,fumi_kobe
4263,IamCoCoNicole
4264,CC_Whte
4265,D3FT0NEZ
4266,Super_stephfizz
4267,JaimePadi9
4268,DarylJamess
4269,escaper46
4270,JayyyHunt
4271,suseejan
4272,FrvdoRashad
4273,CallMe_Lesha
4274,BFAS_Barb
4275,KendraPayne__
4276,carentarvin
4277,relationshipsdw
4278,jsmnrly
4279,mhultquist9
4280,RensSaber
4281,MrDamaro
4282,throneofhats
4283,KameNBA
4284,gchadney
4285,Thanoskage23
4286,YmQuis
4287,FedericMoncada
4288,colleencrooks1
4289,SkipHanson1
4290,TheJHollow
4291,fredmoe6
4292,Astro_I_Farted
4293,realcreativeone
4294,GoatedJimmy
4295,freddythedoosh
4296,edhoneycutt3
4297,Solomon27446608
4298,SandraMendoza35
4299,anttitties
4300,JustPosey93
4301,Kobe_Marv
4302,JDubWorldFamous
4303,_oosoom
4304,UncleKobe1
4305,HenryAaron2222
4306,cfcpac
4307,Kingzey31
4308,KennyWadeMusic
4309,YoZelthe
4310,FeelingsKevin
4311,cocoface5
4312,pBennett02
4313,zakiescoba
4314,OvONoLie
4315,Shubham37236470
4316,VOAKreyol
4317,Guanare
4318,kcreamio
4319,WrestleRoyalty
4320,Anderson_Bluu
4321,NikkiMoniodis
4322,BGeneus
4323,dontequixote
4324,ClintonIsanan26
4325,scottybfixit
4326,XcLOUsiv3_
4327,mldiffley
4328,angelaherrrera2
4329,camdasellout
4330,Sonyah30
4331,BDnick75
4332,Jonny1k
4333,ptierney1992
4334,alcast001
4335,RH12thman
4336,luminary_habits
4337,Osheaville
4338,miles_uj
4339,amrico_carlos
4340,CAMGROUPIE
4341,Raulee12
4342,Sir_Equan
4343,ApostolicAbel
4344,Iagosilvasz
4345,sirbonibinuyajr
4346,marla_santos
4347,Tiny__shorty
4348,prettymissria
4349,StafhAli321
4350,FlurryBans
4351,tsinitonghilaw
4352,DBF865
4353,zhesheche
4354,hr50r
4355,rickyjibarra
4356,ajcemcee
4357,Justme_shawn
4358,WoolikeWuTang
4359,TonyGerdeman
4360,itsnickaguilar
4361,mstweed151
4362,beelzeb22736886
4363,jessebarrera116
4364,vmaryr_
4365,osucrazy1
4366,reeceecup
4367,FN24org
4368,glitterybambam
4369,BoomerBabesLife
4370,kdawg0729
4371,Americareform
4372,TheRealPhiKing
4373,FROSTBREEZY
4374,coreyalphagamer
4375,ShadowLeague
4376,djhellayella
4377,Amina110979
4378,susie_2017
4379,CarlaRK3
4380,CharlieeNador
4381,GLasVegasEAS
4382,MKx1Tp7Huev7Lds
4383,JohnTCphl
4384,TristianCrain19
4385,ViniciusBehenck
4386,dmedialab
4387,jonopiela24
4388,aaallyyssaa
4389,bluesKLUH
4390,hans_bautista
4391,realandygonz
4392,Elcentinelamx1
4393,screamyuto
4394,wherethekeffat
4395,kobee_sr
4396,Spicoli1981
4397,LakeShowSeason
4398,SocialSuplex
4399,i_am_pj_
4400,MTendsToTravel
4401,TOMSHARMANWEB
4402,danielmendoza_6
4403,jweggleston
4404,Cubano_129
4405,chadstinCballog
4406,WilliamsNSon
4407,shloob_
4408,oldmanindenver
4409,DakotaSheppard9
4410,MkDonsTurkey
4411,GL650_LynneG
4412,mcrawdaddy1
4413,Kingbishxp
4414,AddBacon_
4415,elizabeth_jovel
4416,ejpceocorner
4417,rosebrown_
4418,Tadeo27485911
4419,acardenasSPT
4420,uzubell319
4421,ankg
4422,InCINwetrust_
4423,_lilbitlit_
4424,jpram11
4425,sheric_
4426,JayTek
4427,PearLToine
4428,tbhmariah
4429,Chris_1791
4430,joefocus
4431,spotile
4432,laura_xvo
4433,HoopingLover_20
4434,Diario_Cambio
4435,elif_tekinn
4436,zay___824
4437,RafayS98
4438,Marshall_Haze
4439,NashSportsRadio
4440,a4ronnn
4441,DYDeportes
4442,JorgeJRoyo_11
4443,AllStarsZoeira
4444,MatildeBoto
4445,lamontewitit
4446,_skeeto_
4447,Les_lies2Real
4448,matiquirogaa_
4449,NotJamesMR
4450,b9eks
4451,rcludaescher
4452,CrWeslei
4453,CorreodelCaroni
4454,Daron07018882
4455,Crimson_Peej
4456,YouSweatHer
4457,LaurHof11
4458,therealjoemoses
4459,ZhaireWRLD
4460,SDinwiddie_25
4461,20Minutes
4462,KingsBluue
4463,Patty__Ice
4464,DuaneRankin
4465,MPAstud
4466,AirJordyn_
4467,iwarrendu
4468,xBluebabex
4469,TheDrewYariShow
4470,DailyCaller
4471,AngryTiger__
4472,MrMichaelLee
4473,nef_ruck
4474,SerenaWinters
4475,Celtics_Brasil
4476,NBCSChicago
4477,giovannafer6
4478,ramonashelburne
4479,CupsNConvos
4480,FallonTonight
4481,_WWjayD
4482,FieldYates
4483,Lex98V
4484,truemira
4485,nemukunatteru
4486,BarryIsBettah
4487,onsra8
4488,Rafamarins2002
4489,MonkeyDWonho
4490,darrenrovell
4491,_ApplaudJava
4492,abigvle
4493,NBA
4494,isa_cotte
4495,TheReelAnderson
4496,markschlereth
4497,iedamarcondes
4498,Ceaga6
4499,Wylin_Kylin
4500,jacobryanortiz
4501,victor_james1
4502,silvrfusionctg
4503,trappwater
4504,nekkwispy
4505,dwhite1718
4506,iKwonx
4507,manosdehacha
4508,myasubuzz
4509,supplenut
4510,OpenWindow10
4511,k_vicencio13
4512,BruninCaampana
4513,jhentrexieee
4514,acaciozaiden
4515,GregRajan
4516,paugasol
4517,ScottAgness
4518,LakerFiles
4519,Kkillah15
4520,LocdWithNessa
4521,sportsbabe001
4522,treesjauregui
4523,TMJR1914
4524,Steevisms
4525,KiyKiy_
4526,dpozuelo07
4527,ZippyOnDeck
4528,albbaesca_
4529,TheNeszt
4530,TheRealEdenn
4531,ThisCharmingEgg
4532,CriddleBenjamin
4533,laracruzw
4534,jperk1819
4535,jayyarrrRm_
4536,michaeleaves
4537,1D1MO
4538,BleacherReport
4539,Quanos_
4540,twilliamsTSU26
4541,godhatesdanny
4542,Drebae_
4543,RandallPnkFloyd
4544,Lynn_Pope1
4545,gonchobanzas
4546,AlisonMorrisNOW
4547,SalseEduardo
4548,GIFsZP
4549,doubleschAMPion
4550,DudaDalmas
4551,INTAtheist
4552,celtics
4553,TrapCinephile
4554,VernonMaxwell11
4555,matthew04926497
4556,JanetSm90210
4557,SLAMRewind
4558,Yancypachecoo
4559,StevePopper
4560,DrewShiller
4561,AramisBanned
4562,MorningSportsWd
4563,alexblanco23
4564,KadinHayrani
4565,JeffVaughn
4566,Zirksee
4567,guruchuirer
4568,time_shai
4569,MikeMoneda
4570,nicekicks
4571,FLACKO4444
4572,kellybadbuttt
4573,BlazersStuCo
4574,kohalbiyori1
4575,BarackObama
4576,AdamSB___
4577,NCBill72
4578,MilanistiOrId
4579,vicketa3
4580,yonahhhse
4581,NastyKaito
4582,gianorama
4583,CNNTonight
4584,udaniel82
4585,uhDEANuh
4586,hollyrpeete
4587,WillKunkelFOX46
4588,Jcturner123
4589,yonceswae
4590,LJBurner
4591,Nnayonce
4592,AKRiley5
4593,albertro_h
4594,elleduncanESPN
4595,AmbericanValues
4596,realDonaldTrump
4597,kdsrealburner
4598,BengtHojer
4599,SecondsFight
4600,FaZeClan
4601,ealdrid1
4602,Grown_simbaaa
4603,Br0dieSzn_
4604,Raptors
4605,CursedEco
4606,RealSkipBayless
4607,kevin2woke
4608,Lynnoftrumpland
4609,WillieMcAlpine
4610,Kimboooo_95
4611,Pasion_Basket1
4612,DirtyFlacko_
4613,MattWalshBlog
4614,ratcwc
4615,KathyLillibridg
4616,balldontstop
4617,RealEricCarmen
4618,AlabamaSB
4619,KetSantos16
4620,The4min
4621,BADGEPLUG
4622,NTSB_Newsroom
4623,Milahvee
4624,cnni
4625,DimerWestbrook
4626,sixers
4627,BohemianEden
4628,RexintheABQ
4629,iAmTMCII
4630,Pablosxope0526
4631,grmfgrsn_
4632,GeraId_Green
4633,joonyorde
4634,igrainedeavalon
4635,DanaHollyWood
4636,joaquimribeiro_
4637,ESPNFC
4638,Simply_Myesha
4639,frankwhite9988
4640,Diana_Kiyanna
4641,CNN
4642,cassyathena
4643,The2ndWright
4644,crf02_preta
4645,tolzinha_
4646,iAintAsianTho
4647,ILoveMeSomeShay
4648,HardLiiquor
4649,foreverimbetter
4650,Noworriezzzz
4651,LakersEmpire
4652,DylanGroves
4653,Raf_Porter
4654,utdting
4655,itami_hanada
4656,AlanDaffern
4657,PallacReggiana
4658,warriors
4659,FearedLeyendo
4660,GAFollowers
4661,DwaineSteven
4662,thepackman23
4663,bomani_jones
4664,THEREALRTU
4665,TheRealEmily___
4666,rossonerifreak
4667,KheyDeter2
4668,MissAmericaDog
4669,JCrossover
4670,ImaStayHumble
4671,UncleHotep
4672,Ortizsyevens33
4673,WillBlackmon
4674,BeigeLarryDavid
4675,saleem_papi
4676,TaviteTonga
4677,nitronitroni
4678,trexgbd
4679,THEWRESTLEDUDE
4680,JBouvay
4681,LOBONOCTURN0
4682,acmilan
4683,drippedgucci
4684,DeportesPost
4685,MariaKatrin_
4686,Jaysely
4687,JasonRawTalent
4688,baseballshit
4689,scotthaas27
4690,sherman4949
4691,SportsCenter
4692,VinceGoodwill
4693,ScottiePippen
4694,Rachel__Nichols
4695,ESPNNBA
4696,WatupFranco
4697,mhdnzrlmbn
4698,BulmaAnd
4699,ruq9aa
4700,AutonomusPrime
4701,WMsDiary
4702,sakhns
4703,RoyalGlow_Fire
4704,hugi_nho
4705,XXL
4706,ECBahia
4707,Kingofthe2nd
4708,N9_L5
4709,TonyReali
4710,destacarlos
4711,SASBurnerAcct
4712,CuomoPrimeTime
4713,CelticsGotNext
4714,JoyyUnSpeakable
4715,CFdez7
4716,Pacman072286
4717,DemarjaiH
4718,19nboomin
4719,theRealShooKon3
4720,notalexchanchan
4721,skaijackson
4722,FuCkYoBitchCash
4723,acheatingvegan
4724,DanKoob
4725,jalenbridgess
4726,eliteism72
4727,Dntcallmevixen
4728,CourtneyRutled
4729,TeamLou23
4730,fuckmeIIo
4731,jonofcb
4732,hadlgr
4733,aaxmber
4734,THETOMMYDREAMER
4735,gothstafarian
4736,lilyachty
4737,eduardopino18
4738,NBA_2K_ES
4739,NBCSPhilly
4740,CMACSZN
4741,RipMamba
4742,_blue42
4743,GadSaad
4744,CausticBitchNC
4745,GarysheffieldJr
4746,SacramentoKings
4747,AlexPla10884819
4748,QuecianaWalton
4749,WreckkE
4750,AriannaDantone
4751,MatteenZiba
4752,NBAonTNT
4753,AintNunToSee
4754,LukeGawne
4755,hunterpiece
4756,kyaxcheeks
4757,EricRichards22
4758,FOXSports
4759,Tripple_J3x
4760,adamsmoot
4761,derrickakordei
4762,jappoffjones
4763,sfpepior
4764,_mrniles
4765,thesmilinggoat
4766,VH1PNUT___
4767,Ella_928
4768,joeemcfc_
4769,springer_sonny
4770,FOX10Phoenix
4771,ShannonSharpe
4772,SteelJ_97
4773,grappic
4774,jenavievelouie
4775,JordanUhl
4776,NanaGudda
4777,_lynbae
4778,JuicemanJaiIin
4779,nubank
4780,champagnennuts
4781,RexChapman
4782,NBAextra
4783,PA_CurvyGirl
4784,bigbroam
4785,George_h3
4786,ComplexSneakers
4787,Drie_215
4788,jhimarre1
4789,TheyLoveWavy
4790,CaasperMG4L
4791,EyesoCommunity
4792,LynnMubiru
4793,salvas_2003
4794,BitchPatYoWeave
4795,JonnyBones
4796,alextalktoem
4797,MayorTswiit
4798,SneakerPics23
4799,Reuters_co_jp
4800,HeartofNBA
4801,BenKrolo
4802,vanexel31
4803,realtuffjuice
4804,iamjordanriley
4805,C_willystyle
4806,eduard0ushito
4807,EmEffEff
4808,TheNBACentral
4809,Celtics_PRam
4810,KEIRRANicolee
4811,longlivekobe8
4812,DecisivezZ_TV
4813,YamchaAll
4814,ShaMirpuri
4815,FranceSprings
4816,DianeSoares_
4817,thizgirltho
4818,PassionFootClub
4819,marcelaalmeidd1
4820,nanutria
4821,aagulla_espn
4822,WORLDOFBUZZ
4823,overtime
4824,HeywoodJp
4825,JaMorantEra
4826,AdrianRukavina7
4827,H4desx6
4828,gamezocker_moin
4829,ColeFanAcc
4830,gfstarr1
4831,guilhermeha25
4832,_JarrelHarris
4833,hayy_9
4834,LynchsLunatic
4835,anidraaa
4836,KatinOxford
4837,aldea_cervantes
4838,UgHLyDuCkLiN
4839,feliciasonmez
4840,Echampagnemami
4841,chambiemoods
4842,HoopsReference
4843,100Thieves
4844,KennardSZNv2
4845,gspringerx
4846,PhillyWRLD
4847,TAE_HAWKS
4848,LaTCorrupta
4849,CarwynThomas94
4850,YeimisEcheverry
4851,GIAMBIXXBG3
4852,LongLiveKobe24
4853,LAFiebreLakers
4854,KirbyPaola
4855,aundreyamarie
4856,TankussArt
4857,MeicaBrianna
4858,Stahtistics_
4859,nikmari3_
4860,RAFAELA541230
4861,southksoles
4862,marusare
4863,MatthewACherry
4864,ThePhillyPod
4865,lennonconti
4866,8lakers24lyfe23
4867,brothas_Talkin
4868,lisasociale
4869,BenStinar
4870,GRAYSTOAST
4871,dlo16__
4872,Timmitou
4873,aterkel
4874,CaballeroSerena
4875,ChelseaFC
4876,nathansouzah
4877,lavitadolce_xo
4878,radioshanquinn
4879,tribunal_watch
4880,Scalante_ad
4881,carolunas
4882,venusraebates
4883,travfourr
4884,SnagDizzy
4885,seiya_gager
4886,TheAthleticWNBA
4887,shaibiggeststan
4888,DreadheadUnruly
4889,louboutindom
4890,NFLBrasil
4891,nana_gyedua
4892,kolderiu19
4893,prpre_
4894,DeboPlays1
4895,KyleMeagher1
4896,Elle_Noo
4897,Fayjones2000
4898,sanbenito
4899,EasyStreetKeys
4900,malaisante
4901,wonder1369
4902,StevenKelsey13
4903,wavemanwilson
4904,KOT4Q
4905,lilianarsr
4906,nooknooker
4907,_moneyGREEN
4908,SpectrumSN
4909,Truly_Tiiny
4910,PlayoffCeltics
4911,lunchmeat98
4912,NizeItCuz
4913,stoplitteringho
4914,AMoney_H
4915,loiic___
4916,henz0
4917,NotOnVacation
4918,waukeganwill
4919,bigbird432
4920,deathmaca
4921,TSSimeon
4922,Chill_Matic
4923,TrustChristBro
4924,Jewpac23
4925,arreagod
4926,Macdaddy35Mac
4927,_jeooo8
4928,Dartagnanpy
4929,ChrisKirschner
4930,castella_multi
4931,yupreme_jp
4932,inquirerdotnet
4933,FinianBurns
4934,Mr_mariog
4935,FBE
4936,CoreyOdonis
4937,ogbed_
4938,goatshela
4939,YoungFifa_
4940,AliItinerary
4941,DraftadosTV
4942,AHajoun
4943,JohannesBuckler
4944,EthanDolan
4945,troncxt
4946,bos_cocacola
4947,ChukwudiIlozue
4948,megtock
4949,RaidersBeat
4950,thewappinator7
4951,LLovesgym
4952,leocarranza99
4953,Squajii
4954,donlemon
4955,Berlyn_Gomez
4956,desusnice
4957,AMEERBARAKA
4958,eric_supsayk
4959,LamarHeisman
4960,drebaybay
4961,joshuakern
4962,saweetprincess
4963,RamieIsTweeting
4964,fuckriqo
4965,espn
4966,AP
4967,DAnnF16
4968,Guts_Glam_Glory
4969,boyunegmeyenf
4970,DucCNguyen
4971,ThekidJ_c
4972,firefire100
4973,PrimeKelli
4974,Kyrieinthe4th_
4975,PleasureEllis
4976,horikoshiko
4977,movies03
4978,jimmyfallon
4979,EnciclopediaUrb
4980,JWepp
4981,kobebryant
4982,sgrate__
4983,SLAMonline
4984,DahlinStan
4985,CapriiJasmine
4986,VVSnword
4987,thedrivenlife
4988,PedroFamh
4989,amalchowder
4990,AzazNYK
4991,AlissonDB12
4992,megansaxelby
4993,johnrivers131
4994,Sean_Walsh_03
4995,vertvsworld
4996,Tschapire
4997,evboogie
4998,pilarcasado
4999,MafiaWasit
5000,padamecour
5001,ThompsonScribe
5002,emilymichellee_
5003,DistressedMess
5004,GUNNERSELLWHITE
5005,paulstorms
5006,iamnateIV
5007,TakeAShilllPill
5008,Mizz_Marvel
5009,JillFilipovic
5010,spidadmitchell
5011,Brandon__Mitch
5012,JaredDudley619
5013,GrantGoldberg
5014,DavidCosloff
5015,bigdvvddym
5016,dingo_kobe
5017,lfcwiII
5018,OpBroly
5019,amyd_
5020,FdDalia
5021,robbysimpson
5022,dwsfootball
5023,youripides
5024,Delaying5k
5025,TheyLoveJoker
5026,steffssoovogue
5027,SlimObamaJames
5028,smcnte
5029,_Lakers_4_Life
5030,DomTheBombYT
5031,ksatnews
5032,JalilMoses
5033,NJHoopsHaven
5034,stephenasmith
5035,itsstilltru
5036,kalliadanae
5037,HornetsPR
5038,ComplexPop
5039,Dezdrew
5040,YallGoofyAsf
5041,ZerlinaMaxwell
5042,chrisdelia
5043,alvyaboy
5044,Loso__official
5045,RockSolidBWalk
5046,DeMauriaeMC3
5047,atrupar
5048,marca
5049,ctrlnarrative
5050,shaitime2
5051,C1NNAMONDELREY
5052,kocash1
5053,jijicom
5054,estebansevillaa
5055,PercivalPenman
5056,yellowwhitman
5057,TheLostSister1
5058,TheHerd
5059,Connorcoolboy12
5060,greglaurie
5061,maddoxrules
5062,ChristIsComing4
5063,BasicBr3
5064,laubandeiraa
5065,nbbsep
5066,maIik_3x
5067,2LarryJohnson7
5068,DaRealChrisXmas
5069,Netttty_
5070,TTFLab
5071,waytowizardry
5072,TheGreatDomo
5073,FindKobe
5074,Jimlee81
5075,sakura_mochi109
5076,branded_sports
5077,BBCSport
5078,Tribefa21816011
5079,BrunoRguezP
5080,TumoMotau
5081,djdavis531
5082,VTrigger_2
5083,NickSwagyPYoung
5084,b4thglow
5085,LiamJenkinsPSN
5086,ScottStricklin
5087,NaismithLives
5088,AthleticsRants
5089,DwyaneWade
5090,holy_moli88
5091,TonySports1998
5092,jadoreenoir
5093,xOnly1Almighty_
5094,hrznKieran
5095,Sidelines_tOSU
5096,Matecoffc
5097,MeekMill
5098,SotaCane
5099,Prince_MVP
5100,Edu_Skaff
5101,THEBrian9910
5102,ElWisco
5103,MjsGoat
5104,georgieparker
5105,The_Road_Guy
5106,big_business_
5107,TheMrMilk
5108,playjaredanth
5109,ask0704
5110,absorberyt
5111,TheChargingBUF
5112,laReinaDeSaba01
5113,PrincessDannn_
5114,JuliaMansoo
5115,EllenPompeo
5116,chimballs1013
5117,K3V1N
5118,yussefkovacic91
5119,antiworIds
5120,itstyanaa
5121,JeffreyGuterman
5122,realhundorf23
5123,GilasTNT
5124,RealBillRussell
5125,thatgirlinsb
5126,diariobolaoval
5127,JMase13
5128,SirajAHashmi
5129,CologneBartolo
5130,rob_mush
5131,dirtyjerzi
5132,lindseyyok
5133,RioDinero_
5134,KingAssHoliness
5135,AnnaMariaMUFC
5136,813Rubio
5137,g_rub_jr96
5138,LeekMJB
5139,vamos
5140,YeezusNoJesus
5141,nealbrennan
5142,D_1andOnly_
5143,SoyReferee
5144,3rdPickcomedy
5145,__gabeg
5146,Rjeff24
5147,larrayxo
5148,Elitebaucom
5149,jediliz
5150,91Tavares
5151,Oh_Bunn
5152,mat_you
5153,MugiwaraSlut
5154,Rightsatbirth
5155,954Cobi
5156,CelebsArabic
5157,AlizeJohnson
5158,Bipolar_B
5159,_xofa
5160,acs_137
5161,OddsShark
5162,Holyzusss
5163,Shurkify
5164,DeadSensei
5165,Treborray
5166,qhufler
5167,KarenAttiah
5168,MaliciousBane
5169,daviliko09
5170,jacktodd46
5171,itzytulips
5172,iam_johnw
5173,SteveThunderfan
5174,ExtendoBans
5175,WexelblattArt
5176,TrophyMomReject
5177,sijuola86
5178,unkwnuserx
5179,AllEyezOnRiCH
5180,middlenameeasy
5181,Pablito75014
5182,DavijuanDean_
5183,YaskaQLF
5184,chartdata
5185,Luis_R_Oficial
5186,elcompabugs
5187,Awake_Aileen
5188,CoreysThirst
5189,ablsaint
5190,MoekaHaruhi
5191,Devin_Gordon10
5192,LeahReus
5193,hoopfiends
5194,MissElise84
5195,squidtoonice
5196,GarrettDennis
5197,BigIndianGyasi
5198,155_MarceloC
5199,jukrl019
5200,xobbrittanyy
5201,ltsNotCoachK
5202,TheReadyGames
5203,SPARTACUS_410
5204,GoatedJoelv2
5205,licoric53280559
5206,thorstenkudahl
5207,BarberNickJ
5208,FlyByKnite
5209,KendrickPerkins
5210,jessethechef
5211,Al_Laflare
5212,basketaldia
5213,doyenwave
5214,YBC_15
5215,undisputed
5216,LateNightSeth
5217,RapazDaTasca
5218,NY_KnicksPR
5219,crisfdeezz
5220,bellgaa
5221,iiRosyJewels
5222,Spider_canyon
5223,BOGO4Corduroy
5224,YoungOG_Von
5225,_bratch
5226,WarriorBBall5
5227,deepalipx
5228,PrimeDutch
5229,LuridRaider
5230,theScore
5231,TarekTamo10
5232,JamaIAdamsEra
5233,mihzayy
5234,Espineira_
5235,StevenRodich
5236,_LatinoGang
5237,danalcabaza
5238,shakira
5239,younngslim
5240,AugustinFanClub
5241,lakersfanclubuk
5242,Slidetronn
5243,semajstoner
5244,CNBC
5245,PaulaoJorge13
5246,STEVECOHENSON
5247,LaNkasi
5248,CartuneNetwerk
5249,User00047
5250,lisarinna
5251,cristinabarrial
5252,FeministaJones
5253,ronniesidneyii
5254,Lynn0596
5255,Dre_Da_God
5256,UnwrittenRul3s
5257,cookieg_28
5258,A_bearr
5259,fohpleighboii
5260,gabnoga
5261,LewisHamilton
5262,AlonzoBoezemHD
5263,SSikakane
5264,13NewsNow
5265,lovejaytayte_
5266,sofa_stream
5267,RitaPanahi
5268,HipHopxHotspot
5269,lHomi_
5270,CarmichaelDave
5271,WestCoastOffnse
5272,jonlionfineart2
5273,uruchelsi
5274,SATlSFYD
5275,0Fffv
5276,Matt_Barnes22
5277,ExactionStorm
5278,lalbash67
5279,1918Oaklnd
5280,PrimePG13
5281,__BD1
5282,HoarseWisperer
5283,Isaiah_wilk
5284,FrontezaCortal
5285,ThineVinas14
5286,theylovekiki_
5287,johanxcv
5288,TheKnicksWall
5289,xrip69rip
5290,TimTBoe_
5291,efrisco_
5292,OKCTHUNDERAlex
5293,NickLamoureux_
5294,LakeShowYo
5295,TayloredSeth
5296,q2scottbreen
5297,TimaraAntoinett
5298,Sanaa28s
5299,OGLeveledUp
5300,FelipeGoldbaum
5301,portaldomeme
5302,coolguyzone
5303,KriegerSports
5304,Dubc_Finest
5305,FrankkTheTank50
5306,Chiefs
5307,curly_headphuk
5308,xixiqaf
5309,flamehooperM
5310,ayeePrecise
5311,deboragoes01
5312,TheMominatrixx
5313,BarterSZN
5314,LakersOutsiders
5315,bely_26
5316,NerdsPwn
5317,_dbell2
5318,I0UDS
5319,mkhoops
5320,jasbratty
5321,2Beezz_
5322,AtharvaGautam
5323,MarshaBlackburn
5324,nideckale
5325,SSJreef
5326,Tyuawn
5327,momoneyy23
5328,abbeynextdoor
5329,iamlgndfrvr
5330,new_branches
5331,iamKingLos
5332,Foaminpenny
5333,DeanScorpion_
5334,CBSNews
5335,GoddessAveena
5336,Plunancie
5337,justinamash
5338,ajplus
5339,nypost
5340,osuttesutte
5341,TrojanNoleLADNE
5342,Loonieversals
5343,O2DEBPAI
5344,Annbv5
5345,___Marieme
5346,LAtweets22
5347,BurrowEra
5348,belldandy_18
5349,renzirodriguez
5350,PhullCourt76
5351,Baekhyuns___
5352,nmrumorsandtea
5353,Tillylace4
5354,TMZ
5355,iiStar_RBXii
5356,gustavo4ndrades
5357,chicagobulls
5358,17inchwarrior
5359,LakerPrimeTime
5360,OFCLWisterDICE
5361,LeelMoney_
5362,TrashTalk_fr
5363,AGSN_Link
5364,springerwave
5365,billboard
5366,dawnrobinson_
5367,Bosslogic
5368,slhs_sye
5369,TerrapinHoops
5370,GavinJernigan2
5371,myajurnae
5372,33attacks
5373,DevinUrbanski
5374,Anthony__Smyth
5375,spookboi11
5376,AspenInstSports
5377,TheMadHEATFan
5378,AmazeModica
5379,_Kristine_A
5380,BlackFreelance1
5381,KevOnStage
5382,jazzy_jkp
5383,Poundstvv
5384,apachai_nba
5385,papinrake
5386,klassicsu
5387,_ExquisiteSoul
5388,SaycheeseDGTL
5389,MakeMeUpAmAm
5390,politicususa
5391,sujamess
5392,_Chillington
5393,CiroGomezL
5394,MrRatSuper
5395,GreenleafOTTS
5396,jussie_james
5397,Zakistas_
5398,patrickhall93
5399,TioBuck14
5400,BostonCollege
5401,4TheCycle1
5402,hanvanlaningham
5403,tmmblair98
5404,FTFonFS1
5405,Striken_bowser7
5406,DynastyCLE
5407,_lovejak
5408,ctsbulls
5409,ChampionsLeague
5410,princesstianax1
5411,DavidDobrik
5412,Jnoubifoo
5413,Brasileirao
5414,Trap_Jesus
5415,JordansBlog
5416,engeki_shimizu
5417,LONZOLENZO91
5418,bananabreadluvr
5419,celebsinparis
5420,HiddenCash
5421,Dom_2k
5422,s8n
5423,tachobernal
5424,MorrocanYoBed
5425,masonramsey
5426,SpidaSZN_
5427,Shopon72
5428,issa_wife
5429,KylieJenner
5430,KobeTakes
5431,charl0ttepineda
5432,Drake4444444
5433,StaceyThaGreat
5434,ImInThisBihhhhh
5435,Geechi_Lebeau
5436,BalefulMonarch
5437,driven2dominate
5438,diggsSZNN
5439,Vantae_Englishh
5440,SquillisDead
5441,KyleBJorrey
5442,RepJeffries
5443,DuncanSmithNBA
5444,lfyouhadmyIove
5445,twregista_v99
5446,FOXNashville
5447,TonyDanielx2
5448,theycravetyy
5449,KylianMbapute
5450,SteveScalise
5451,irmoralesl
5452,z101digital
5453,KBaumgart
5454,ByJayKing
5455,kawamurayoshito
5456,TheHoopCentral
5457,sport
5458,LFCBetter
5459,FredTJoseph
5460,GamerPatife
5461,hokiespls
5462,_originathaliee
5463,tinicsencsits
5464,RepZoeLofgren
5465,Dismacked
5466,Donkey1432
5467,prosciuttoboy
5468,dhillonh21
5469,CountOnVic
5470,RepMikeJohnson
5471,Azzosaurusx
5472,HecticTKS
5473,Danisaurio01
5474,JWilliamsFstmed
5475,TomHam11
5476,OneMpyr
5477,CaptainHYPE
5478,WaddleandSilvy
5479,Sergio_Luckett
5480,miich1234
5481,Mithman73Rod
5482,MariaCl26328392
5483,KeroChobittsu
5484,BCassSF23
5485,WestsideRen
5486,blacviruz
5487,HarrySeaward4
5488,Ogkhail
5489,UglyManeGus_
5490,HouseIntel
5491,tnssy_
5492,le_loudmouth
5493,MartySmithESPN
5494,positiveformjj
5495,CRubioMartinezU
5496,specimhaine
5497,Abeke__
5498,LoneEspada
5499,jloading11
5500,DaRula_Drop
5501,all_dayanxdepre
5502,Jr_253
5503,pwhr9827
5504,Bang4Three
5505,taaymc_
5506,AshTray_Bith
5507,Don_Won_23
5508,jamaicamichelle
5509,CBSThisMorning
5510,brendafcb_
5511,LosLakersArg
5512,twodogspoop
5513,NikoIsHere2
5514,its_makagago
5515,KNX1070
5516,Panthers
5517,30SecFights
5518,Education4Libs
5519,ZackGoinHamman
5520,DontrellChillis
5521,d_notalwys_nice
5522,RepDougCollins
5523,velud0
5524,TheEllenShow
5525,PlayoffSkinzz
5526,SimeonV2
5527,KingRondo09
5528,LearnedCitizen
5529,crfelicee
5530,SethAMandel
5531,blaqdumbo
5532,Axyb__
5533,sapphiccap
5534,AnAmazingFeat
5535,theeurbansage
5536,aaronrossj
5537,gardenfIowers
5538,philliesfan96
5539,_Snape_
5540,Kechu371
5541,LeAidenJames23
5542,wsvn
5543,fakekinkade
5544,DebatingHipHop_
5545,moneyymaya
5546,KquidFN
5547,MaryWVTM13
5548,ESPNAusNZ
5549,ABenjdida
5550,Tchad111_
5551,ryanbarnes619
5552,B_oySix
5553,Giantsgal506
5554,Adrenalina_GMR
5555,boliviazica
5556,PatelESPN
5557,mrsponytail
5558,sophiasackles
5559,JA846J_KIX_KOBE
5560,elizabethdanger
5561,_almighty_o
5562,WagersWiseguy
5563,OnionWindy
5564,SophiaAulnay
5565,DavidMuir
5566,AyeshaSelden
5567,CarnationBoi
5568,mcrookedlettery
5569,MikeLowery98
5570,AranzaSuBec
5571,ShaiWorId
5572,Ibyangggggggggg
5573,Wells_P
5574,Skip_Brainles
5575,DGN_7
5576,ati242_
5577,itsroads
5578,Tash_NoChill
5579,trueone3763
5580,chels_saurus
5581,Church_POP
5582,BaldBryan
5583,iSupern0va
5584,JustJared
5585,OyyyeeeCorito86
5586,urkle9
5587,femirulos
5588,Xinhimself
5589,RyanFlo98077565
5590,malika_andrews
5591,madeintyo
5592,juvefcdotcom
5593,toriident
5594,sam__fernandes
5595,badger_honey23
5596,FantasyLabsNBA
5597,chaopaso
5598,yoshikunnn
5599,BoxShards
5600,OpioidMofo
5601,nick_vernald
5602,GlasNoNo
5603,KydSplash
5604,redapples
5605,BrianKolfage
5606,theshape03
5607,stevenact4
5608,Gojira1776
5609,BPwylin
5610,ashstro
5611,peachy_peter
5612,ArrowheadLive
5613,Schultz_Report
5614,goodtweeter69
5615,bustedcoverage
5616,BernardoDLuffy
5617,Lakers
5618,DGShowtime23
5619,rainbow6br
5620,SBNation
5621,rhlmgxng
5622,rogercipo
5623,Doente98715
5624,SighsInSpanish7
5625,YESEEGHOSTS
5626,BillPlaschke
5627,Pizza__Rat
5628,NBA2K_MyTEAM
5629,KyenanOFF
5630,druyoussef
5631,fagsecured
5632,jdmc199
5633,RustyBUCKETS321
5634,travis_robert
5635,c_drew_
5636,chanelleksc
5637,eb4prez
5638,daigorou_riona
5639,ruega_por_ella
5640,BucksOnMyMind
5641,HotFreestyle
5642,alvwong
5643,SenThomTillis
5644,KyleMaccD
5645,RayDaaawg
5646,KaylaBraxtonWWE
5647,JessicaValenti
5648,RaheemGoatstert
5649,_laevd
5650,FraseJonco
5651,utdxtra
5652,Mybrickwalls
5653,biaginger
5654,4everarieanna
5655,robinson3269
5656,dodgerpalps
5657,MarkySals
5658,spyderqwen
5659,mundodabola
5660,lovewitchcoven
5661,TJfromTWlTTER
5662,OfficialJoelF
5663,belacif
5664,TheRealTomRobe
5665,balleralert
5666,jaybusbee
5667,FlindersEmma
5668,Takeshi_jpn
5669,J_McLaughlinGrp
5670,NovaNoha
5671,livinhamacedin
5672,ByIsaacG
5673,Ruttosporc
5674,TheLeadCNN
5675,timelesssports_
5676,lolkangz
5677,ButthurtSnowfl1
5678,reubenahn
5679,KnownAsNoble
5680,angnd97
5681,toosii2x
5682,AlexxMedia
5683,Rethabile_Kobe
5684,_darkskingirl
5685,TEEHlGGlNS
5686,Ayye_pap
5687,DeuceMason
5688,clarincom
5689,FabioJuve38
5690,tommyice
5691,enerjaee
5692,TheTalkCBS
5693,causalinf
5694,Loooweeee
5695,rodrigosworld81
5696,JDCDale
5697,dj1mccarthy_m
5698,EclecticRadical
5699,SAMedia13
5700,Mcreator_
5701,topherlessq
5702,OshDlpz
5703,BrookeMartinTV
5704,ReillyRick
5705,Marvo
5706,LindseyGrahamSC
5707,biggsdaanimal
5708,burningsandles
5709,WhoGluv
5710,PlayoffHerbert
5711,SampaCarioca
5712,BrothaHassan
5713,JahGenerall
5714,Alfredo_CGB10
5715,_burning_Sage_
5716,50sixnights
5717,Estadao
5718,DragonflyJonez
